OpcuaNode,IECPath,Type,IEDName
var1,P31025$P31025Relay$Obj1CSWI1$Pos$stVal,DI,IED1
var2,TG2MV_RTU$TG2MV_RTUTG2MV$AI16GGIO3$AnIn1$mag$i,DI,IED4
var3,path_test_1,DI,IED4
var4,path_test_2,DI,IED5
var5,path_test_3,AI,IED5
var6,path_test_4,DO,IED1
var7,path_test_5,DI,IED1
var8,path_test_6,DI,IED1
var9,path_test_7,DO,IED1
var10,path_test_8,DI,IED1
var11,path_test_9,AI,IED1
var12,path_test_10,DI,IED1
var13,path_test_11,DI,IED1
var14,path_test_12,DI,IED1
var15,path_test_13,DI,IED1
var16,path_test_14,DI,IED1
var17,path_test_15,DI,IED1
var18,path_test_16,AI,IED1
var19,path_test_17,DO,IED1
var20,path_test_18,DI,IED1
var21,path_test_19,DI,IED1
var22,path_test_20,DO,IED1
var23,path_test_21,DI,IED1
var24,path_test_22,AI,IED1
var25,path_test_23,DI,IED1
var26,path_test_24,DI,IED1
var27,path_test_25,DI,IED1
var28,path_test_26,DI,IED1
var29,path_test_27,DI,IED1
var30,path_test_28,DI,IED1
var31,path_test_29,DI,IED1
var32,path_test_30,DI,IED1
var33,path_test_31,DI,IED1
var34,path_test_32,DI,IED1
var35,path_test_33,AI,IED1
var36,path_test_34,DO,IED1
var37,path_test_35,DI,IED1
var38,path_test_36,DI,IED1
var39,path_test_37,DO,IED1
var40,path_test_38,DI,IED1
var41,path_test_39,AI,IED1
var42,path_test_40,DI,IED1
var43,path_test_41,DI,IED1
var44,path_test_42,DI,IED1
var45,path_test_43,DI,IED1
var46,path_test_44,DI,IED1
var47,path_test_45,DI,IED1
var48,path_test_46,AI,IED1
var49,path_test_47,DO,IED1
var50,path_test_48,DI,IED1
var51,path_test_49,DI,IED1
var52,path_test_50,DO,IED1
var53,path_test_51,DI,IED1
var54,path_test_52,AI,IED1
var55,path_test_53,DI,IED1
var56,path_test_54,DI,IED1
var57,path_test_55,DI,IED1
var58,path_test_56,DI,IED1
var59,path_test_57,DI,IED1
var60,path_test_58,DI,IED1
var61,path_test_59,DI,IED1
var62,path_test_60,DI,IED1
var63,path_test_61,DI,IED1
var64,path_test_62,AI,IED1
var65,path_test_63,DO,IED1
var66,path_test_64,DI,IED1
var67,path_test_65,DI,IED1
var68,path_test_66,DO,IED1
var69,path_test_67,DI,IED1
var70,path_test_68,AI,IED1
var71,path_test_69,DI,IED1
var72,path_test_70,DI,IED1
var73,path_test_71,DI,IED1
var74,path_test_72,DI,IED1
var75,path_test_73,DI,IED1
var76,path_test_74,DI,IED1
var77,path_test_75,AI,IED1
var78,path_test_76,DO,IED1
var79,path_test_77,DI,IED1
var80,path_test_78,DI,IED1
var81,path_test_79,DO,IED1
var82,path_test_80,DI,IED1
var83,path_test_81,AI,IED1
var84,path_test_82,DI,IED1
var85,path_test_83,DI,IED1
var86,path_test_84,DI,IED1
var87,path_test_85,DI,IED1
var88,path_test_86,DI,IED1
var89,path_test_87,DI,IED1
var90,path_test_88,DI,IED1
var91,path_test_89,DI,IED1
var92,path_test_90,DI,IED1
var93,path_test_91,AI,IED1
var94,path_test_92,DO,IED1
var95,path_test_93,DI,IED1
var96,path_test_94,DI,IED1
var97,path_test_95,DO,IED1
var98,path_test_96,DI,IED1
var99,path_test_97,AI,IED1
var100,path_test_98,DI,IED1
var101,path_test_99,DI,IED1
var102,path_test_100,DI,IED1
var103,path_test_101,DI,IED1
var104,path_test_102,DI,IED1
var105,path_test_103,DI,IED1
var106,path_test_104,AI,IED1
var107,path_test_105,DO,IED1
var108,path_test_106,DI,IED1
var109,path_test_107,DI,IED1
var110,path_test_108,DO,IED1
var111,path_test_109,DI,IED1
var112,path_test_110,AI,IED1
var113,path_test_111,DI,IED1
var114,path_test_112,DI,IED1
var115,path_test_113,DI,IED1
var116,path_test_114,DI,IED1
var117,path_test_115,DI,IED1
var118,path_test_116,DI,IED1
var119,path_test_117,DI,IED1
var120,path_test_118,DI,IED1
var121,path_test_119,DI,IED1
var122,path_test_120,AI,IED1
var123,path_test_121,DO,IED1
var124,path_test_122,DI,IED1
var125,path_test_123,DI,IED1
var126,path_test_124,DO,IED1
var127,path_test_125,DI,IED1
var128,path_test_126,AI,IED1
var129,path_test_127,DI,IED1
var130,path_test_128,DI,IED1
var131,path_test_129,DI,IED1
var132,path_test_130,DI,IED1
var133,path_test_131,DI,IED1
var134,path_test_132,DI,IED1
var135,path_test_133,AI,IED1
var136,path_test_134,DO,IED1
var137,path_test_135,DI,IED1
var138,path_test_136,DI,IED1
var139,path_test_137,DO,IED1
var140,path_test_138,DI,IED1
var141,path_test_139,AI,IED1
var142,path_test_140,DI,IED1
var143,path_test_141,DI,IED1
var144,path_test_142,DI,IED1
var145,path_test_143,DI,IED1
var146,path_test_144,DI,IED1
var147,path_test_145,DI,IED1
var148,path_test_146,DI,IED1
var149,path_test_147,DI,IED1
var150,path_test_148,DI,IED1
var151,path_test_149,AI,IED1
var152,path_test_150,DO,IED1
var153,path_test_151,DI,IED1
var154,path_test_152,DI,IED1
var155,path_test_153,DO,IED1
var156,path_test_154,DI,IED1
var157,path_test_155,AI,IED1
var158,path_test_156,DI,IED1
var159,path_test_157,DI,IED1
var160,path_test_158,DI,IED1
var161,path_test_159,DI,IED1
var162,path_test_160,DI,IED1
var163,path_test_161,DI,IED1
var164,path_test_162,AI,IED1
var165,path_test_163,DO,IED1
var166,path_test_164,DI,IED1
var167,path_test_165,DI,IED1
var168,path_test_166,DO,IED1
var169,path_test_167,DI,IED1
var170,path_test_168,AI,IED1
var171,path_test_169,DI,IED1
var172,path_test_170,DI,IED1
var173,path_test_171,DI,IED1
var174,path_test_172,DI,IED1
var175,path_test_173,DI,IED1
var176,path_test_174,DI,IED1
var177,path_test_175,DI,IED1
var178,path_test_176,DI,IED1
var179,path_test_177,DI,IED1
var180,path_test_178,AI,IED1
var181,path_test_179,DO,IED1
var182,path_test_180,DI,IED1
var183,path_test_181,DI,IED1
var184,path_test_182,DO,IED1
var185,path_test_183,DI,IED1
var186,path_test_184,AI,IED1
var187,path_test_185,DI,IED1
var188,path_test_186,DI,IED1
var189,path_test_187,DI,IED1
var190,path_test_188,DI,IED1
var191,path_test_189,DI,IED1
var192,path_test_190,DI,IED1
var193,path_test_191,AI,IED1
var194,path_test_192,DO,IED1
var195,path_test_193,DI,IED1
var196,path_test_194,DI,IED1
var197,path_test_195,DO,IED1
var198,path_test_196,DI,IED1
var199,path_test_197,AI,IED1
var200,path_test_198,DI,IED1
var201,path_test_199,DI,IED1
var202,path_test_200,DI,IED1
var203,path_test_201,DI,IED1
var204,path_test_202,DI,IED1
var205,path_test_203,DI,IED1
var206,path_test_204,DI,IED1
var207,path_test_205,DI,IED1
var208,path_test_206,AI,IED1
var209,path_test_207,DO,IED1
var210,path_test_208,DI,IED1
var211,path_test_209,DI,IED1
var212,path_test_210,DO,IED1
var213,path_test_211,DI,IED1
var214,path_test_212,AI,IED1
var215,path_test_213,DI,IED1
var216,path_test_214,DI,IED1
var217,path_test_215,DI,IED1
var218,path_test_216,DI,IED1
var219,path_test_217,DI,IED1
var220,path_test_218,DI,IED1
var221,path_test_219,DI,IED1
var222,path_test_220,DI,IED1
var223,path_test_221,DI,IED1
var224,path_test_222,DI,IED1
var225,path_test_223,DI,IED1
var226,path_test_224,DI,IED1
var227,path_test_225,DI,IED1
var228,path_test_226,DI,IED1
var229,path_test_227,DI,IED1
var230,path_test_228,DI,IED1
var231,path_test_229,DI,IED1
var232,path_test_230,DI,IED1
var233,path_test_231,DI,IED1
var234,path_test_232,DI,IED1
var235,path_test_233,DI,IED1
var236,path_test_234,DI,IED1
var237,path_test_235,DI,IED1
var238,path_test_236,DI,IED1
var239,path_test_237,DI,IED1
var240,path_test_238,DI,IED1
var241,path_test_239,DI,IED1
var242,path_test_240,DI,IED1
var243,path_test_241,DI,IED1
var244,path_test_242,DI,IED1
var245,path_test_243,DI,IED1
var246,path_test_244,DI,IED1
var247,path_test_245,DI,IED1
var248,path_test_246,DI,IED1
var249,path_test_247,DI,IED1
var250,path_test_248,DI,IED1
var251,path_test_249,DI,IED1
var252,path_test_250,DI,IED1
var253,path_test_251,DI,IED1
var254,path_test_252,DI,IED1
var255,path_test_253,DI,IED1
var256,path_test_254,DI,IED1
var257,path_test_255,DI,IED1
var258,path_test_256,DI,IED1
var259,path_test_257,DI,IED1
var260,path_test_258,DI,IED1
var261,path_test_259,DI,IED1
var262,path_test_260,DI,IED1
var263,path_test_261,DI,IED1
var264,path_test_262,DI,IED1
var265,path_test_263,DI,IED1
var266,path_test_264,DI,IED1
var267,path_test_265,DI,IED1
var268,path_test_266,DI,IED1
var269,path_test_267,DI,IED1
var270,path_test_268,DI,IED1
var271,path_test_269,DI,IED1
var272,path_test_270,DI,IED1
var273,path_test_271,DI,IED1
var274,path_test_272,DI,IED1
var275,path_test_273,DI,IED1
var276,path_test_274,DI,IED1
var277,path_test_275,DI,IED1
var278,path_test_276,DI,IED1
var279,path_test_277,DI,IED1
var280,path_test_278,DI,IED1
var281,path_test_279,DI,IED1
var282,path_test_280,DI,IED1
var283,path_test_281,DI,IED1
var284,path_test_282,DI,IED1
var285,path_test_283,DI,IED1
var286,path_test_284,DI,IED1
var287,path_test_285,DI,IED1
var288,path_test_286,DI,IED1
var289,path_test_287,DI,IED1
var290,path_test_288,DI,IED1
var291,path_test_289,DI,IED1
var292,path_test_290,DI,IED1
var293,path_test_291,DI,IED1
var294,path_test_292,DI,IED1
var295,path_test_293,DI,IED1
var296,path_test_294,DI,IED1
var297,path_test_295,DI,IED1
var298,path_test_296,DI,IED1
var299,path_test_297,DI,IED1
var300,path_test_298,DI,IED1
var301,path_test_299,DI,IED1
var302,path_test_300,DI,IED1
var303,path_test_301,DI,IED1
var304,path_test_302,DI,IED1
var305,path_test_303,DI,IED1
var306,path_test_304,DI,IED1
var307,path_test_305,DI,IED1
var308,path_test_306,DI,IED1
var309,path_test_307,DI,IED1
var310,path_test_308,DI,IED1
var311,path_test_309,DI,IED1
var312,path_test_310,DI,IED1
var313,path_test_311,DI,IED1
var314,path_test_312,DI,IED1
var315,path_test_313,DI,IED1
var316,path_test_314,DI,IED1
var317,path_test_315,DI,IED1
var318,path_test_316,DI,IED1
var319,path_test_317,DI,IED1
var320,path_test_318,DI,IED1
var321,path_test_319,DI,IED1
var322,path_test_320,DI,IED1
var323,path_test_321,DI,IED1
var324,path_test_322,DI,IED1
var325,path_test_323,DI,IED1
var326,path_test_324,DI,IED1
var327,path_test_325,DI,IED1
var328,path_test_326,DI,IED1
var329,path_test_327,DI,IED1
var330,path_test_328,DI,IED1
var331,path_test_329,DI,IED1
var332,path_test_330,DI,IED1
var333,path_test_331,DI,IED1
var334,path_test_332,DI,IED1
var335,path_test_333,DI,IED1
var336,path_test_334,DI,IED1
var337,path_test_335,DI,IED1
var338,path_test_336,DI,IED1
var339,path_test_337,DI,IED1
var340,path_test_338,DI,IED1
var341,path_test_339,DI,IED1
var342,path_test_340,DI,IED1
var343,path_test_341,DI,IED1
var344,path_test_342,DI,IED1
var345,path_test_343,DI,IED1
var346,path_test_344,DI,IED1
var347,path_test_345,DI,IED1
var348,path_test_346,DI,IED1
var349,path_test_347,DI,IED1
var350,path_test_348,DI,IED1
var351,path_test_349,DI,IED1
var352,path_test_350,DI,IED1
var353,path_test_351,DI,IED1
var354,path_test_352,DI,IED1
var355,path_test_353,DI,IED1
var356,path_test_354,DI,IED1
var357,path_test_355,DI,IED1
var358,path_test_356,DI,IED1
var359,path_test_357,DI,IED1
var360,path_test_358,DI,IED1
var361,path_test_359,DI,IED1
var362,path_test_360,DI,IED1
var363,path_test_361,DI,IED1
var364,path_test_362,DI,IED1
var365,path_test_363,DI,IED1
var366,path_test_364,DI,IED1
var367,path_test_365,DI,IED1
var368,path_test_366,DI,IED1
var369,path_test_367,DI,IED1
var370,path_test_368,DI,IED1
var371,path_test_369,DI,IED1
var372,path_test_370,DI,IED1
var373,path_test_371,DI,IED1
var374,path_test_372,DI,IED1
var375,path_test_373,DI,IED1
var376,path_test_374,DI,IED1
var377,path_test_375,DI,IED1
var378,path_test_376,DI,IED1
var379,path_test_377,DI,IED1
var380,path_test_378,DI,IED1
var381,path_test_379,DI,IED1
var382,path_test_380,DI,IED1
var383,path_test_381,DI,IED1
var384,path_test_382,DI,IED1
var385,path_test_383,DI,IED1
var386,path_test_384,DI,IED1
var387,path_test_385,DI,IED1
var388,path_test_386,DI,IED1
var389,path_test_387,DI,IED1
var390,path_test_388,DI,IED1
var391,path_test_389,DI,IED1
var392,path_test_390,DI,IED1
var393,path_test_391,DI,IED1
var394,path_test_392,DI,IED1
var395,path_test_393,DI,IED1
var396,path_test_394,DI,IED1
var397,path_test_395,DI,IED1
var398,path_test_396,DI,IED1
var399,path_test_397,DI,IED1
var400,path_test_398,DI,IED1
var401,path_test_399,DI,IED1
var402,path_test_400,DI,IED1
var403,path_test_401,DI,IED1
var404,path_test_402,DI,IED1
var405,path_test_403,DI,IED1
var406,path_test_404,DI,IED1
var407,path_test_405,DI,IED1
var408,path_test_406,DI,IED1
var409,path_test_407,DI,IED1
var410,path_test_408,DI,IED1
var411,path_test_409,DI,IED1
var412,path_test_410,DI,IED1
var413,path_test_411,DI,IED1
var414,path_test_412,DI,IED1
var415,path_test_413,DI,IED1
var416,path_test_414,DI,IED1
var417,path_test_415,DI,IED1
var418,path_test_416,DI,IED1
var419,path_test_417,DI,IED1
var420,path_test_418,DI,IED1
var421,path_test_419,DI,IED1
var422,path_test_420,DI,IED1
var423,path_test_421,DI,IED1
var424,path_test_422,DI,IED1
var425,path_test_423,DI,IED1
var426,path_test_424,DI,IED1
var427,path_test_425,DI,IED1
var428,path_test_426,DI,IED1
var429,path_test_427,DI,IED1
var430,path_test_428,DI,IED1
var431,path_test_429,DI,IED1
var432,path_test_430,DI,IED1
var433,path_test_431,DI,IED1
var434,path_test_432,DI,IED1
var435,path_test_433,DI,IED1
var436,path_test_434,DI,IED1
var437,path_test_435,DI,IED1
var438,path_test_436,DI,IED1
var439,path_test_437,DI,IED1
var440,path_test_438,DI,IED1
var441,path_test_439,DI,IED1
var442,path_test_440,DI,IED1
var443,path_test_441,DI,IED1
var444,path_test_442,DI,IED1
var445,path_test_443,DI,IED1
var446,path_test_444,DI,IED1
var447,path_test_445,DI,IED1
var448,path_test_446,DI,IED1
var449,path_test_447,DI,IED1
var450,path_test_448,DI,IED1
var451,path_test_449,DI,IED1
var452,path_test_450,DI,IED1
var453,path_test_451,DI,IED1
var454,path_test_452,DI,IED1
var455,path_test_453,DI,IED1
var456,path_test_454,DI,IED1
var457,path_test_455,DI,IED1
var458,path_test_456,DI,IED1
var459,path_test_457,DI,IED1
var460,path_test_458,DI,IED1
var461,path_test_459,DI,IED1
var462,path_test_460,DI,IED1
var463,path_test_461,DI,IED1
var464,path_test_462,DI,IED1
var465,path_test_463,DI,IED1
var466,path_test_464,DI,IED1
var467,path_test_465,DI,IED1
var468,path_test_466,DI,IED1
var469,path_test_467,DI,IED1
var470,path_test_468,DI,IED1
var471,path_test_469,DI,IED1
var472,path_test_470,DI,IED1
var473,path_test_471,DI,IED1
var474,path_test_472,DI,IED1
var475,path_test_473,DI,IED1
var476,path_test_474,DI,IED1
var477,path_test_475,DI,IED1
var478,path_test_476,DI,IED1
var479,path_test_477,DI,IED1
var480,path_test_478,DI,IED1
var481,path_test_479,DI,IED1
var482,path_test_480,DI,IED1
var483,path_test_481,DI,IED1
var484,path_test_482,DI,IED1
var485,path_test_483,DI,IED1
var486,path_test_484,DI,IED1
var487,path_test_485,DI,IED1
var488,path_test_486,DI,IED1
var489,path_test_487,DI,IED1
var490,path_test_488,DI,IED1
var491,path_test_489,DI,IED1
var492,path_test_490,DI,IED1
var493,path_test_491,DI,IED1
var494,path_test_492,DI,IED1
var495,path_test_493,DI,IED1
var496,path_test_494,DI,IED1
var497,path_test_495,DI,IED1
var498,path_test_496,DI,IED1
var499,path_test_497,DI,IED1
var500,path_test_498,DI,IED1
var501,path_test_499,DI,IED1
var502,path_test_500,DI,IED1
var503,path_test_501,DI,IED1
var504,path_test_502,DI,IED1
var505,path_test_503,DI,IED1
var506,path_test_504,DI,IED1
var507,path_test_505,DI,IED1
var508,path_test_506,DI,IED1
var509,path_test_507,DI,IED1
var510,path_test_508,DI,IED1
var511,path_test_509,DI,IED1
var512,path_test_510,DI,IED1
var513,path_test_511,DI,IED1
var514,path_test_512,DI,IED1
var515,path_test_513,DI,IED1
var516,path_test_514,DI,IED1
var517,path_test_515,DI,IED1
var518,path_test_516,DI,IED1
var519,path_test_517,DI,IED1
var520,path_test_518,DI,IED1
var521,path_test_519,DI,IED1
var522,path_test_520,DI,IED1
var523,path_test_521,DI,IED1
var524,path_test_522,DI,IED1
var525,path_test_523,DI,IED1
var526,path_test_524,DI,IED1
var527,path_test_525,DI,IED1
var528,path_test_526,DI,IED1
var529,path_test_527,DI,IED1
var530,path_test_528,DI,IED1
var531,path_test_529,DI,IED1
var532,path_test_530,DI,IED1
var533,path_test_531,DI,IED1
var534,path_test_532,DI,IED1
var535,path_test_533,DI,IED1
var536,path_test_534,DI,IED1
var537,path_test_535,DI,IED1
var538,path_test_536,DI,IED1
var539,path_test_537,DI,IED1
var540,path_test_538,DI,IED1
var541,path_test_539,DI,IED1
var542,path_test_540,DI,IED1
var543,path_test_541,DI,IED1
var544,path_test_542,DI,IED1
var545,path_test_543,DI,IED1
var546,path_test_544,DI,IED1
var547,path_test_545,DI,IED1
var548,path_test_546,DI,IED1
var549,path_test_547,DI,IED1
var550,path_test_548,DI,IED1
var551,path_test_549,DI,IED1
var552,path_test_550,DI,IED1
var553,path_test_551,DI,IED1
var554,path_test_552,DI,IED1
var555,path_test_553,DI,IED1
var556,path_test_554,DI,IED1
var557,path_test_555,DI,IED1
var558,path_test_556,DI,IED1
var559,path_test_557,DI,IED1
var560,path_test_558,DI,IED1
var561,path_test_559,DI,IED1
var562,path_test_560,DI,IED1
var563,path_test_561,DI,IED1
var564,path_test_562,DI,IED1
var565,path_test_563,DI,IED1
var566,path_test_564,DI,IED1
var567,path_test_565,DI,IED1
var568,path_test_566,DI,IED1
var569,path_test_567,DI,IED1
var570,path_test_568,DI,IED1
var571,path_test_569,DI,IED1
var572,path_test_570,DI,IED1
var573,path_test_571,DI,IED1
var574,path_test_572,DI,IED1
var575,path_test_573,DI,IED1
var576,path_test_574,DI,IED1
var577,path_test_575,DI,IED1
var578,path_test_576,DI,IED1
var579,path_test_577,DI,IED1
var580,path_test_578,DI,IED1
var581,path_test_579,DI,IED1
var582,path_test_580,DI,IED1
var583,path_test_581,DI,IED1
var584,path_test_582,DI,IED1
var585,path_test_583,DI,IED1
var586,path_test_584,DI,IED1
var587,path_test_585,DI,IED1
var588,path_test_586,DI,IED1
var589,path_test_587,DI,IED1
var590,path_test_588,DI,IED1
var591,path_test_589,DI,IED1
var592,path_test_590,DI,IED1
var593,path_test_591,DI,IED1
var594,path_test_592,DI,IED1
var595,path_test_593,DI,IED1
var596,path_test_594,DI,IED1
var597,path_test_595,DI,IED1
var598,path_test_596,DI,IED1
var599,path_test_597,DI,IED1
var600,path_test_598,DI,IED1
var601,path_test_599,DI,IED1
var602,path_test_600,DI,IED1
var603,path_test_601,DI,IED1
var604,path_test_602,DI,IED1
var605,path_test_603,DI,IED1
var606,path_test_604,DI,IED1
var607,path_test_605,DI,IED1
var608,path_test_606,DI,IED1
var609,path_test_607,DI,IED1
var610,path_test_608,DI,IED1
var611,path_test_609,DI,IED1
var612,path_test_610,DI,IED1
var613,path_test_611,DI,IED1
var614,path_test_612,DI,IED1
var615,path_test_613,DI,IED1
var616,path_test_614,DI,IED1
var617,path_test_615,DI,IED1
var618,path_test_616,DI,IED1
var619,path_test_617,DI,IED1
var620,path_test_618,DI,IED1
var621,path_test_619,DI,IED1
var622,path_test_620,DI,IED1
var623,path_test_621,DI,IED1
var624,path_test_622,DI,IED1
var625,path_test_623,DI,IED1
var626,path_test_624,DI,IED1
var627,path_test_625,DI,IED1
var628,path_test_626,DI,IED1
var629,path_test_627,DI,IED1
var630,path_test_628,DI,IED1
var631,path_test_629,DI,IED1
var632,path_test_630,DI,IED1
var633,path_test_631,DI,IED1
var634,path_test_632,DI,IED1
var635,path_test_633,DI,IED1
var636,path_test_634,DI,IED1
var637,path_test_635,DI,IED1
var638,path_test_636,DI,IED1
var639,path_test_637,DI,IED1
var640,path_test_638,DI,IED1
var641,path_test_639,DI,IED1
var642,path_test_640,DI,IED1
var643,path_test_641,DI,IED1
var644,path_test_642,DI,IED1
var645,path_test_643,DI,IED1
var646,path_test_644,DI,IED1
var647,path_test_645,DI,IED1
var648,path_test_646,DI,IED1
var649,path_test_647,DI,IED1
var650,path_test_648,DI,IED1
var651,path_test_649,DI,IED1
var652,path_test_650,DI,IED1
var653,path_test_651,DI,IED1
var654,path_test_652,DI,IED1
var655,path_test_653,DI,IED1
var656,path_test_654,DI,IED1
var657,path_test_655,DI,IED1
var658,path_test_656,DI,IED1
var659,path_test_657,DI,IED1
var660,path_test_658,DI,IED1
var661,path_test_659,DI,IED1
var662,path_test_660,DI,IED1
var663,path_test_661,DI,IED1
var664,path_test_662,DI,IED1
var665,path_test_663,DI,IED1
var666,path_test_664,DI,IED1
var667,path_test_665,DI,IED1
var668,path_test_666,DI,IED1
var669,path_test_667,DI,IED1
var670,path_test_668,DI,IED1
var671,path_test_669,DI,IED1
var672,path_test_670,DI,IED1
var673,path_test_671,DI,IED1
var674,path_test_672,DI,IED1
var675,path_test_673,DI,IED1
var676,path_test_674,DI,IED1
var677,path_test_675,DI,IED1
var678,path_test_676,DI,IED1
var679,path_test_677,DI,IED1
var680,path_test_678,DI,IED1
var681,path_test_679,DI,IED1
var682,path_test_680,DI,IED1
var683,path_test_681,DI,IED1
var684,path_test_682,DI,IED1
var685,path_test_683,DI,IED1
var686,path_test_684,DI,IED1
var687,path_test_685,DI,IED1
var688,path_test_686,DI,IED1
var689,path_test_687,DI,IED1
var690,path_test_688,DI,IED1
var691,path_test_689,DI,IED1
var692,path_test_690,DI,IED1
var693,path_test_691,DI,IED1
var694,path_test_692,DI,IED1
var695,path_test_693,DI,IED1
var696,path_test_694,DI,IED1
var697,path_test_695,DI,IED1
var698,path_test_696,DI,IED1
var699,path_test_697,DI,IED1
var700,path_test_698,DI,IED1
var701,path_test_699,DI,IED1
var702,path_test_700,DI,IED1
var703,path_test_701,DI,IED1
var704,path_test_702,DI,IED1
var705,path_test_703,DI,IED1
var706,path_test_704,DI,IED1
var707,path_test_705,DI,IED1
var708,path_test_706,DI,IED1
var709,path_test_707,DI,IED1
var710,path_test_708,DI,IED1
var711,path_test_709,DI,IED1
var712,path_test_710,DI,IED1
var713,path_test_711,DI,IED1
var714,path_test_712,DI,IED1
var715,path_test_713,DI,IED1
var716,path_test_714,DI,IED1
var717,path_test_715,DI,IED1
var718,path_test_716,DI,IED1
var719,path_test_717,DI,IED1
var720,path_test_718,DI,IED1
var721,path_test_719,DI,IED1
var722,path_test_720,DI,IED1
var723,path_test_721,DI,IED1
var724,path_test_722,DI,IED1
var725,path_test_723,DI,IED1
var726,path_test_724,DI,IED1
var727,path_test_725,DI,IED1
var728,path_test_726,DI,IED1
var729,path_test_727,DI,IED1
var730,path_test_728,DI,IED1
var731,path_test_729,DI,IED1
var732,path_test_730,DI,IED1
var733,path_test_731,DI,IED1
var734,path_test_732,DI,IED1
var735,path_test_733,DI,IED1
var736,path_test_734,DI,IED1
var737,path_test_735,DI,IED1
var738,path_test_736,DI,IED1
var739,path_test_737,DI,IED1
var740,path_test_738,DI,IED1
var741,path_test_739,DI,IED1
var742,path_test_740,DI,IED1
var743,path_test_741,DI,IED1
var744,path_test_742,DI,IED1
var745,path_test_743,DI,IED1
var746,path_test_744,DI,IED1
var747,path_test_745,DI,IED1
var748,path_test_746,DI,IED1
var749,path_test_747,DI,IED1
var750,path_test_748,DI,IED1
var751,path_test_749,DI,IED1
var752,path_test_750,DI,IED1
var753,path_test_751,DI,IED1
var754,path_test_752,DI,IED1
var755,path_test_753,DI,IED1
var756,path_test_754,DI,IED1
var757,path_test_755,DI,IED1
var758,path_test_756,DI,IED1
var759,path_test_757,DI,IED1
var760,path_test_758,DI,IED1
var761,path_test_759,DI,IED1
var762,path_test_760,DI,IED1
var763,path_test_761,DI,IED1
var764,path_test_762,DI,IED1
var765,path_test_763,DI,IED1
var766,path_test_764,DI,IED1
var767,path_test_765,DI,IED1
var768,path_test_766,DI,IED1
var769,path_test_767,DI,IED1
var770,path_test_768,DI,IED1
var771,path_test_769,DI,IED1
var772,path_test_770,DI,IED1
var773,path_test_771,DI,IED1
var774,path_test_772,DI,IED1
var775,path_test_773,DI,IED1
var776,path_test_774,DI,IED1
var777,path_test_775,DI,IED1
var778,path_test_776,DI,IED1
var779,path_test_777,DI,IED1
var780,path_test_778,DI,IED1
var781,path_test_779,DI,IED1
var782,path_test_780,DI,IED1
var783,path_test_781,DI,IED1
var784,path_test_782,DI,IED1
var785,path_test_783,DI,IED1
var786,path_test_784,DI,IED1
var787,path_test_785,DI,IED1
var788,path_test_786,DI,IED1
var789,path_test_787,DI,IED1
var790,path_test_788,DI,IED1
var791,path_test_789,DI,IED1
var792,path_test_790,DI,IED1
var793,path_test_791,DI,IED1
var794,path_test_792,DI,IED1
var795,path_test_793,DI,IED1
var796,path_test_794,DI,IED1
var797,path_test_795,DI,IED1
var798,path_test_796,DI,IED1
var799,path_test_797,DI,IED1
var800,path_test_798,DI,IED1
var801,path_test_799,DI,IED1
var802,path_test_800,DI,IED1
var803,path_test_801,DI,IED1
var804,path_test_802,DI,IED1
var805,path_test_803,DI,IED1
var806,path_test_804,DI,IED1
var807,path_test_805,DI,IED1
var808,path_test_806,DI,IED1
var809,path_test_807,DI,IED1
var810,path_test_808,DI,IED1
var811,path_test_809,DI,IED1
var812,path_test_810,DI,IED1
var813,path_test_811,DI,IED1
var814,path_test_812,DI,IED1
var815,path_test_813,DI,IED1
var816,path_test_814,DI,IED1
var817,path_test_815,DI,IED1
var818,path_test_816,DI,IED1
var819,path_test_817,DI,IED1
var820,path_test_818,DI,IED1
var821,path_test_819,DI,IED1
var822,path_test_820,DI,IED1
var823,path_test_821,DI,IED1
var824,path_test_822,DI,IED1
var825,path_test_823,DI,IED1
var826,path_test_824,DI,IED1
var827,path_test_825,DI,IED1
var828,path_test_826,DI,IED1
var829,path_test_827,DI,IED1
var830,path_test_828,DI,IED1
var831,path_test_829,DI,IED1
var832,path_test_830,DI,IED1
var833,path_test_831,DI,IED1
var834,path_test_832,DI,IED1
var835,path_test_833,DI,IED1
var836,path_test_834,DI,IED1
var837,path_test_835,DI,IED1
var838,path_test_836,DI,IED1
var839,path_test_837,DI,IED1
var840,path_test_838,DI,IED1
var841,path_test_839,DI,IED1
var842,path_test_840,DI,IED1
var843,path_test_841,DI,IED1
var844,path_test_842,DI,IED1
var845,path_test_843,DI,IED1
var846,path_test_844,DI,IED1
var847,path_test_845,DI,IED1
var848,path_test_846,DI,IED1
var849,path_test_847,DI,IED1
var850,path_test_848,DI,IED1
var851,path_test_849,DI,IED1
var852,path_test_850,DI,IED1
var853,path_test_851,DI,IED1
var854,path_test_852,DI,IED1
var855,path_test_853,DI,IED1
var856,path_test_854,DI,IED1
var857,path_test_855,DI,IED1
var858,path_test_856,DI,IED1
var859,path_test_857,DI,IED1
var860,path_test_858,DI,IED1
var861,path_test_859,DI,IED1
var862,path_test_860,DI,IED1
var863,path_test_861,DI,IED1
var864,path_test_862,DI,IED1
var865,path_test_863,DI,IED1
var866,path_test_864,DI,IED1
var867,path_test_865,DI,IED1
var868,path_test_866,DI,IED1
var869,path_test_867,DI,IED1
var870,path_test_868,DI,IED1
var871,path_test_869,DI,IED1
var872,path_test_870,DI,IED1
var873,path_test_871,DI,IED1
var874,path_test_872,DI,IED1
var875,path_test_873,DI,IED1
var876,path_test_874,DI,IED1
var877,path_test_875,DI,IED1
var878,path_test_876,DI,IED1
var879,path_test_877,DI,IED1
var880,path_test_878,DI,IED1
var881,path_test_879,DI,IED1
var882,path_test_880,DI,IED1
var883,path_test_881,DI,IED1
var884,path_test_882,DI,IED1
var885,path_test_883,DI,IED1
var886,path_test_884,DI,IED1
var887,path_test_885,DI,IED1
var888,path_test_886,DI,IED1
var889,path_test_887,DI,IED1
var890,path_test_888,DI,IED1
var891,path_test_889,DI,IED1
var892,path_test_890,DI,IED1
var893,path_test_891,DI,IED1
var894,path_test_892,DI,IED1
var895,path_test_893,DI,IED1
var896,path_test_894,DI,IED1
var897,path_test_895,DI,IED1
var898,path_test_896,DI,IED1
var899,path_test_897,DI,IED1
var900,path_test_898,DI,IED1
var901,path_test_899,DI,IED1
var902,path_test_900,DI,IED1
var903,path_test_901,AI,IED1
var904,path_test_902,DO,IED1
var905,path_test_903,DI,IED1
var906,path_test_904,DI,IED1
var907,path_test_905,DO,IED1
var908,path_test_906,DI,IED1
var909,path_test_907,AI,IED1
var910,path_test_908,DI,IED1
var911,path_test_909,DI,IED1
var912,path_test_910,DI,IED1
var913,path_test_911,DI,IED1
var914,path_test_912,DI,IED1
var915,path_test_913,DI,IED1
var916,path_test_914,AI,IED1
var917,path_test_915,DO,IED1
var918,path_test_916,DI,IED1
var919,path_test_917,DI,IED1
var920,path_test_918,DO,IED1
var921,path_test_919,DI,IED1
var922,path_test_920,AI,IED1
var923,path_test_921,DI,IED1
var924,path_test_922,DI,IED1
var925,path_test_923,DI,IED1
var926,path_test_924,DI,IED1
var927,path_test_925,DI,IED1
var928,path_test_926,DI,IED1
var929,path_test_927,DI,IED1
var930,path_test_928,DI,IED1
var931,path_test_929,DI,IED1
var932,path_test_930,DI,IED1
var933,path_test_931,DI,IED1
var934,path_test_932,DI,IED1
var935,path_test_933,DI,IED1
var936,path_test_934,DI,IED1
var937,path_test_935,DI,IED1
var938,path_test_936,DI,IED1
var939,path_test_937,DI,IED1
var940,path_test_938,DI,IED1
var941,path_test_939,DI,IED1
var942,path_test_940,DI,IED1
var943,path_test_941,DI,IED1
var944,path_test_942,DI,IED1
var945,path_test_943,DI,IED1
var946,path_test_944,DI,IED1
var947,path_test_945,DI,IED1
var948,path_test_946,DI,IED1
var949,path_test_947,DI,IED1
var950,path_test_948,DI,IED1
var951,path_test_949,DI,IED1
var952,path_test_950,DI,IED1
var953,path_test_951,DI,IED1
var954,path_test_952,DI,IED1
var955,path_test_953,DI,IED1
var956,path_test_954,DI,IED1
var957,path_test_955,DI,IED1
var958,path_test_956,DI,IED1
var959,path_test_957,DI,IED1
var960,path_test_958,DI,IED1
var961,path_test_959,DI,IED1
var962,path_test_960,DI,IED1
var963,path_test_961,DI,IED1
var964,path_test_962,DI,IED1
var965,path_test_963,DI,IED1
var966,path_test_964,DI,IED1
var967,path_test_965,DI,IED1
var968,path_test_966,DI,IED1
var969,path_test_967,DI,IED1
var970,path_test_968,DI,IED1
var971,path_test_969,DI,IED1
var972,path_test_970,DI,IED1
var973,path_test_971,DI,IED1
var974,path_test_972,DI,IED1
var975,path_test_973,DI,IED1
var976,path_test_974,DI,IED1
var977,path_test_975,DI,IED1
var978,path_test_976,DI,IED1
var979,path_test_977,DI,IED1
var980,path_test_978,DI,IED1
var981,path_test_979,DI,IED1
var982,path_test_980,DI,IED1
var983,path_test_981,DI,IED1
var984,path_test_982,DI,IED1
var985,path_test_983,DI,IED1
var986,path_test_984,DI,IED1
var987,path_test_985,DI,IED1
var988,path_test_986,DI,IED1
var989,path_test_987,DI,IED1
var990,path_test_988,DI,IED1
var991,path_test_989,DI,IED1
var992,path_test_990,DI,IED1
var993,path_test_991,DI,IED1
var994,path_test_992,DI,IED1
var995,path_test_993,DI,IED1
var996,path_test_994,DI,IED1
var997,path_test_995,DI,IED1
var998,path_test_996,DI,IED1
var999,path_test_997,DI,IED1
var1000,path_test_998,DI,IED1
var1001,path_test_999,DI,IED1
var1002,path_test_1000,DI,IED1
var1003,path_test_1001,DI,IED1
var1004,path_test_1002,DI,IED1
var1005,path_test_1003,DI,IED1
var1006,path_test_1004,DI,IED1
var1007,path_test_1005,DI,IED1
var1008,path_test_1006,DI,IED1
var1009,path_test_1007,DI,IED1
var1010,path_test_1008,DI,IED1
var1011,path_test_1009,DI,IED1
var1012,path_test_1010,DI,IED1
var1013,path_test_1011,DI,IED1
var1014,path_test_1012,DI,IED1
var1015,path_test_1013,DI,IED1
var1016,path_test_1014,DI,IED1
var1017,path_test_1015,DI,IED1
var1018,path_test_1016,DI,IED1
var1019,path_test_1017,DI,IED1
var1020,path_test_1018,DI,IED1
var1021,path_test_1019,DI,IED1
var1022,path_test_1020,DI,IED1
var1023,path_test_1021,DI,IED1
var1024,path_test_1022,DI,IED1
var1025,path_test_1023,DI,IED1
var1026,path_test_1024,DI,IED1
var1027,path_test_1025,DI,IED1
var1028,path_test_1026,DI,IED1
var1029,path_test_1027,DI,IED1
var1030,path_test_1028,DI,IED1
var1031,path_test_1029,DI,IED1
var1032,path_test_1030,DI,IED1
var1033,path_test_1031,DI,IED1
var1034,path_test_1032,DI,IED1
var1035,path_test_1033,DI,IED1
var1036,path_test_1034,DI,IED1
var1037,path_test_1035,DI,IED1
var1038,path_test_1036,DI,IED1
var1039,path_test_1037,DI,IED1
var1040,path_test_1038,DI,IED1
var1041,path_test_1039,DI,IED1
var1042,path_test_1040,DI,IED1
var1043,path_test_1041,DI,IED1
var1044,path_test_1042,DI,IED1
var1045,path_test_1043,DI,IED1
var1046,path_test_1044,DI,IED1
var1047,path_test_1045,DI,IED1
var1048,path_test_1046,DI,IED1
var1049,path_test_1047,DI,IED1
var1050,path_test_1048,DI,IED1
var1051,path_test_1049,DI,IED1
var1052,path_test_1050,DI,IED1
var1053,path_test_1051,DI,IED1
var1054,path_test_1052,DI,IED1
var1055,path_test_1053,DI,IED1
var1056,path_test_1054,DI,IED1
var1057,path_test_1055,DI,IED1
var1058,path_test_1056,DI,IED1
var1059,path_test_1057,DI,IED1
var1060,path_test_1058,DI,IED1
var1061,path_test_1059,DI,IED1
var1062,path_test_1060,DI,IED1
var1063,path_test_1061,DI,IED1
var1064,path_test_1062,DI,IED1
var1065,path_test_1063,DI,IED1
var1066,path_test_1064,DI,IED1
var1067,path_test_1065,DI,IED1
var1068,path_test_1066,DI,IED1
var1069,path_test_1067,DI,IED1
var1070,path_test_1068,DI,IED1
var1071,path_test_1069,DI,IED1
var1072,path_test_1070,DI,IED1
var1073,path_test_1071,DI,IED1
var1074,path_test_1072,DI,IED1
var1075,path_test_1073,DI,IED1
var1076,path_test_1074,DI,IED1
var1077,path_test_1075,DI,IED1
var1078,path_test_1076,DI,IED1
var1079,path_test_1077,DI,IED1
var1080,path_test_1078,DI,IED1
var1081,path_test_1079,DI,IED1
var1082,path_test_1080,DI,IED1
var1083,path_test_1081,DI,IED1
var1084,path_test_1082,DI,IED1
var1085,path_test_1083,DI,IED1
var1086,path_test_1084,DI,IED1
var1087,path_test_1085,DI,IED1
var1088,path_test_1086,DI,IED1
var1089,path_test_1087,DI,IED1
var1090,path_test_1088,DI,IED1
var1091,path_test_1089,DI,IED1
var1092,path_test_1090,DI,IED1
var1093,path_test_1091,DI,IED1
var1094,path_test_1092,DI,IED1
var1095,path_test_1093,DI,IED1
var1096,path_test_1094,DI,IED1
var1097,path_test_1095,DI,IED1
var1098,path_test_1096,DI,IED1
var1099,path_test_1097,DI,IED1
var1100,path_test_1098,DI,IED1
var1101,path_test_1099,DI,IED1
var1102,path_test_1100,DI,IED1
var1103,path_test_1101,DI,IED1
var1104,path_test_1102,DI,IED1
var1105,path_test_1103,DI,IED1
var1106,path_test_1104,DI,IED1
var1107,path_test_1105,DI,IED1
var1108,path_test_1106,DI,IED1
var1109,path_test_1107,DI,IED1
var1110,path_test_1108,DI,IED1
var1111,path_test_1109,DI,IED1
var1112,path_test_1110,DI,IED1
var1113,path_test_1111,DI,IED1
var1114,path_test_1112,DI,IED1
var1115,path_test_1113,DI,IED1
var1116,path_test_1114,DI,IED1
var1117,path_test_1115,DI,IED1
var1118,path_test_1116,DI,IED1
var1119,path_test_1117,DI,IED1
var1120,path_test_1118,DI,IED1
var1121,path_test_1119,DI,IED1
var1122,path_test_1120,DI,IED1
var1123,path_test_1121,DI,IED1
var1124,path_test_1122,DI,IED1
var1125,path_test_1123,DI,IED1
var1126,path_test_1124,DI,IED1
var1127,path_test_1125,DI,IED1
var1128,path_test_1126,DI,IED1
var1129,path_test_1127,DI,IED1
var1130,path_test_1128,DI,IED1
var1131,path_test_1129,DI,IED1
var1132,path_test_1130,DI,IED1
var1133,path_test_1131,DI,IED1
var1134,path_test_1132,DI,IED1
var1135,path_test_1133,DI,IED1
var1136,path_test_1134,DI,IED1
var1137,path_test_1135,DI,IED1
var1138,path_test_1136,DI,IED1
var1139,path_test_1137,DI,IED1
var1140,path_test_1138,DI,IED1
var1141,path_test_1139,DI,IED1
var1142,path_test_1140,DI,IED1
var1143,path_test_1141,DI,IED1
var1144,path_test_1142,DI,IED1
var1145,path_test_1143,DI,IED1
var1146,path_test_1144,DI,IED1
var1147,path_test_1145,DI,IED1
var1148,path_test_1146,DI,IED1
var1149,path_test_1147,DI,IED1
var1150,path_test_1148,DI,IED1
var1151,path_test_1149,DI,IED1
var1152,path_test_1150,DI,IED1
var1153,path_test_1151,DI,IED1
var1154,path_test_1152,DI,IED1
var1155,path_test_1153,DI,IED1
var1156,path_test_1154,DI,IED1
var1157,path_test_1155,DI,IED1
var1158,path_test_1156,DI,IED1
var1159,path_test_1157,DI,IED1
var1160,path_test_1158,DI,IED1
var1161,path_test_1159,DI,IED1
var1162,path_test_1160,DI,IED1
var1163,path_test_1161,DI,IED1
var1164,path_test_1162,DI,IED1
var1165,path_test_1163,DI,IED1
var1166,path_test_1164,DI,IED1
var1167,path_test_1165,DI,IED1
var1168,path_test_1166,DI,IED1
var1169,path_test_1167,DI,IED1
var1170,path_test_1168,DI,IED1
var1171,path_test_1169,DI,IED1
var1172,path_test_1170,DI,IED1
var1173,path_test_1171,DI,IED1
var1174,path_test_1172,DI,IED1
var1175,path_test_1173,DI,IED1
var1176,path_test_1174,DI,IED1
var1177,path_test_1175,DI,IED1
var1178,path_test_1176,DI,IED1
var1179,path_test_1177,DI,IED1
var1180,path_test_1178,DI,IED1
var1181,path_test_1179,DI,IED1
var1182,path_test_1180,DI,IED1
var1183,path_test_1181,DI,IED1
var1184,path_test_1182,DI,IED1
var1185,path_test_1183,DI,IED1
var1186,path_test_1184,DI,IED1
var1187,path_test_1185,DI,IED1
var1188,path_test_1186,DI,IED1
var1189,path_test_1187,DI,IED1
var1190,path_test_1188,DI,IED1
var1191,path_test_1189,DI,IED1
var1192,path_test_1190,DI,IED1
var1193,path_test_1191,DI,IED1
var1194,path_test_1192,DI,IED1
var1195,path_test_1193,DI,IED1
var1196,path_test_1194,DI,IED1
var1197,path_test_1195,DI,IED1
var1198,path_test_1196,DI,IED1
var1199,path_test_1197,DI,IED1
var1200,path_test_1198,DI,IED1
var1201,path_test_1199,DI,IED1
var1202,path_test_1200,DI,IED1
var1203,path_test_1201,DI,IED1
var1204,path_test_1202,DI,IED1
var1205,path_test_1203,DI,IED1
var1206,path_test_1204,DI,IED1
var1207,path_test_1205,DI,IED1
var1208,path_test_1206,DI,IED1
var1209,path_test_1207,DI,IED1
var1210,path_test_1208,DI,IED1
var1211,path_test_1209,DI,IED1
var1212,path_test_1210,DI,IED1
var1213,path_test_1211,DI,IED1
var1214,path_test_1212,DI,IED1
var1215,path_test_1213,DI,IED1
var1216,path_test_1214,DI,IED1
var1217,path_test_1215,DI,IED1
var1218,path_test_1216,DI,IED1
var1219,path_test_1217,DI,IED1
var1220,path_test_1218,DI,IED1
var1221,path_test_1219,DI,IED1
var1222,path_test_1220,DI,IED1
var1223,path_test_1221,DI,IED1
var1224,path_test_1222,DI,IED1
var1225,path_test_1223,DI,IED1
var1226,path_test_1224,DI,IED1
var1227,path_test_1225,DI,IED1
var1228,path_test_1226,DI,IED1
var1229,path_test_1227,DI,IED1
var1230,path_test_1228,DI,IED1
var1231,path_test_1229,DI,IED1
var1232,path_test_1230,DI,IED1
var1233,path_test_1231,DI,IED1
var1234,path_test_1232,DI,IED1
var1235,path_test_1233,DI,IED1
var1236,path_test_1234,DI,IED1
var1237,path_test_1235,DI,IED1
var1238,path_test_1236,DI,IED1
var1239,path_test_1237,DI,IED1
var1240,path_test_1238,DI,IED1
var1241,path_test_1239,DI,IED1
var1242,path_test_1240,DI,IED1
var1243,path_test_1241,DI,IED1
var1244,path_test_1242,DI,IED1
var1245,path_test_1243,DI,IED1
var1246,path_test_1244,DI,IED1
var1247,path_test_1245,DI,IED1
var1248,path_test_1246,DI,IED1
var1249,path_test_1247,DI,IED1
var1250,path_test_1248,DI,IED1
var1251,path_test_1249,DI,IED1
var1252,path_test_1250,DI,IED1
var1253,path_test_1251,DI,IED1
var1254,path_test_1252,DI,IED1
var1255,path_test_1253,DI,IED1
var1256,path_test_1254,DI,IED1
var1257,path_test_1255,DI,IED1
var1258,path_test_1256,DI,IED1
var1259,path_test_1257,DI,IED1
var1260,path_test_1258,DI,IED1
var1261,path_test_1259,DI,IED1
var1262,path_test_1260,DI,IED1
var1263,path_test_1261,DI,IED1
var1264,path_test_1262,DI,IED1
var1265,path_test_1263,DI,IED1
var1266,path_test_1264,DI,IED1
var1267,path_test_1265,DI,IED1
var1268,path_test_1266,DI,IED1
var1269,path_test_1267,DI,IED1
var1270,path_test_1268,DI,IED1
var1271,path_test_1269,DI,IED1
var1272,path_test_1270,DI,IED1
var1273,path_test_1271,DI,IED1
var1274,path_test_1272,DI,IED1
var1275,path_test_1273,DI,IED1
var1276,path_test_1274,DI,IED1
var1277,path_test_1275,DI,IED1
var1278,path_test_1276,DI,IED1
var1279,path_test_1277,DI,IED1
var1280,path_test_1278,DI,IED1
var1281,path_test_1279,DI,IED1
var1282,path_test_1280,DI,IED1
var1283,path_test_1281,DI,IED1
var1284,path_test_1282,DI,IED1
var1285,path_test_1283,DI,IED1
var1286,path_test_1284,DI,IED1
var1287,path_test_1285,DI,IED1
var1288,path_test_1286,DI,IED1
var1289,path_test_1287,DI,IED1
var1290,path_test_1288,DI,IED1
var1291,path_test_1289,DI,IED1
var1292,path_test_1290,DI,IED1
var1293,path_test_1291,DI,IED1
var1294,path_test_1292,DI,IED1
var1295,path_test_1293,DI,IED1
var1296,path_test_1294,DI,IED1
var1297,path_test_1295,DI,IED1
var1298,path_test_1296,DI,IED1
var1299,path_test_1297,DI,IED1
var1300,path_test_1298,DI,IED1
var1301,path_test_1299,DI,IED1
var1302,path_test_1300,DI,IED1
var1303,path_test_1301,DI,IED1
var1304,path_test_1302,DI,IED1
var1305,path_test_1303,DI,IED1
var1306,path_test_1304,DI,IED1
var1307,path_test_1305,DI,IED1
var1308,path_test_1306,DI,IED1
var1309,path_test_1307,DI,IED1
var1310,path_test_1308,DI,IED1
var1311,path_test_1309,DI,IED1
var1312,path_test_1310,DI,IED1
var1313,path_test_1311,DI,IED1
var1314,path_test_1312,DI,IED1
var1315,path_test_1313,DI,IED1
var1316,path_test_1314,DI,IED1
var1317,path_test_1315,DI,IED1
var1318,path_test_1316,DI,IED1
var1319,path_test_1317,DI,IED1
var1320,path_test_1318,DI,IED1
var1321,path_test_1319,DI,IED1
var1322,path_test_1320,DI,IED1
var1323,path_test_1321,DI,IED1
var1324,path_test_1322,DI,IED1
var1325,path_test_1323,DI,IED1
var1326,path_test_1324,DI,IED1
var1327,path_test_1325,DI,IED1
var1328,path_test_1326,DI,IED1
var1329,path_test_1327,DI,IED1
var1330,path_test_1328,DI,IED1
var1331,path_test_1329,DI,IED1
var1332,path_test_1330,DI,IED1
var1333,path_test_1331,DI,IED1
var1334,path_test_1332,DI,IED1
var1335,path_test_1333,DI,IED1
var1336,path_test_1334,DI,IED1
var1337,path_test_1335,DI,IED1
var1338,path_test_1336,DI,IED1
var1339,path_test_1337,DI,IED1
var1340,path_test_1338,DI,IED1
var1341,path_test_1339,DI,IED1
var1342,path_test_1340,DI,IED1
var1343,path_test_1341,DI,IED1
var1344,path_test_1342,DI,IED1
var1345,path_test_1343,DI,IED1
var1346,path_test_1344,DI,IED1
var1347,path_test_1345,DI,IED1
var1348,path_test_1346,DI,IED1
var1349,path_test_1347,DI,IED1
var1350,path_test_1348,DI,IED1
var1351,path_test_1349,DI,IED1
var1352,path_test_1350,DI,IED1
var1353,path_test_1351,DI,IED1
var1354,path_test_1352,DI,IED1
var1355,path_test_1353,DI,IED1
var1356,path_test_1354,DI,IED1
var1357,path_test_1355,DI,IED1
var1358,path_test_1356,DI,IED1
var1359,path_test_1357,DI,IED1
var1360,path_test_1358,DI,IED1
var1361,path_test_1359,DI,IED1
var1362,path_test_1360,DI,IED1
var1363,path_test_1361,DI,IED1
var1364,path_test_1362,DI,IED1
var1365,path_test_1363,DI,IED1
var1366,path_test_1364,DI,IED1
var1367,path_test_1365,DI,IED1
var1368,path_test_1366,DI,IED1
var1369,path_test_1367,DI,IED1
var1370,path_test_1368,DI,IED1
var1371,path_test_1369,DI,IED1
var1372,path_test_1370,DI,IED1
var1373,path_test_1371,DI,IED1
var1374,path_test_1372,DI,IED1
var1375,path_test_1373,DI,IED1
var1376,path_test_1374,DI,IED1
var1377,path_test_1375,DI,IED1
var1378,path_test_1376,DI,IED1
var1379,path_test_1377,DI,IED1
var1380,path_test_1378,DI,IED1
var1381,path_test_1379,DI,IED1
var1382,path_test_1380,DI,IED1
var1383,path_test_1381,DI,IED1
var1384,path_test_1382,DI,IED1
var1385,path_test_1383,DI,IED1
var1386,path_test_1384,DI,IED1
var1387,path_test_1385,DI,IED1
var1388,path_test_1386,DI,IED1
var1389,path_test_1387,DI,IED1
var1390,path_test_1388,DI,IED1
var1391,path_test_1389,DI,IED1
var1392,path_test_1390,DI,IED1
var1393,path_test_1391,DI,IED1
var1394,path_test_1392,DI,IED1
var1395,path_test_1393,DI,IED1
var1396,path_test_1394,DI,IED1
var1397,path_test_1395,DI,IED1
var1398,path_test_1396,DI,IED1
var1399,path_test_1397,DI,IED1
var1400,path_test_1398,DI,IED1
var1401,path_test_1399,DI,IED1
var1402,path_test_1400,DI,IED1
var1403,path_test_1401,DI,IED1
var1404,path_test_1402,DI,IED1
var1405,path_test_1403,DI,IED1
var1406,path_test_1404,DI,IED1
var1407,path_test_1405,DI,IED1
var1408,path_test_1406,DI,IED1
var1409,path_test_1407,DI,IED1
var1410,path_test_1408,DI,IED1
var1411,path_test_1409,DI,IED1
var1412,path_test_1410,DI,IED1
var1413,path_test_1411,DI,IED1
var1414,path_test_1412,DI,IED1
var1415,path_test_1413,DI,IED1
var1416,path_test_1414,DI,IED1
var1417,path_test_1415,DI,IED1
var1418,path_test_1416,DI,IED1
var1419,path_test_1417,DI,IED1
var1420,path_test_1418,DI,IED1
var1421,path_test_1419,DI,IED1
var1422,path_test_1420,DI,IED1
var1423,path_test_1421,DI,IED1
var1424,path_test_1422,DI,IED1
var1425,path_test_1423,DI,IED1
var1426,path_test_1424,DI,IED1
var1427,path_test_1425,DI,IED1
var1428,path_test_1426,DI,IED1
var1429,path_test_1427,DI,IED1
var1430,path_test_1428,DI,IED1
var1431,path_test_1429,DI,IED1
var1432,path_test_1430,DI,IED1
var1433,path_test_1431,DI,IED1
var1434,path_test_1432,DI,IED1
var1435,path_test_1433,DI,IED1
var1436,path_test_1434,DI,IED1
var1437,path_test_1435,DI,IED1
var1438,path_test_1436,DI,IED1
var1439,path_test_1437,DI,IED1
var1440,path_test_1438,DI,IED1
var1441,path_test_1439,DI,IED1
var1442,path_test_1440,DI,IED1
var1443,path_test_1441,DI,IED1
var1444,path_test_1442,DI,IED1
var1445,path_test_1443,DI,IED1
var1446,path_test_1444,DI,IED1
var1447,path_test_1445,DI,IED1
var1448,path_test_1446,DI,IED1
var1449,path_test_1447,DI,IED1
var1450,path_test_1448,DI,IED1
var1451,path_test_1449,DI,IED1
var1452,path_test_1450,DI,IED1
var1453,path_test_1451,DI,IED1
var1454,path_test_1452,DI,IED1
var1455,path_test_1453,DI,IED1
var1456,path_test_1454,DI,IED1
var1457,path_test_1455,DI,IED1
var1458,path_test_1456,DI,IED1
var1459,path_test_1457,DI,IED1
var1460,path_test_1458,DI,IED1
var1461,path_test_1459,DI,IED1
var1462,path_test_1460,DI,IED1
var1463,path_test_1461,DI,IED1
var1464,path_test_1462,DI,IED1
var1465,path_test_1463,DI,IED1
var1466,path_test_1464,DI,IED1
var1467,path_test_1465,DI,IED1
var1468,path_test_1466,DI,IED1
var1469,path_test_1467,DI,IED1
var1470,path_test_1468,DI,IED1
var1471,path_test_1469,DI,IED1
var1472,path_test_1470,DI,IED1
var1473,path_test_1471,DI,IED1
var1474,path_test_1472,DI,IED1
var1475,path_test_1473,DI,IED1
var1476,path_test_1474,DI,IED1
var1477,path_test_1475,DI,IED1
var1478,path_test_1476,DI,IED1
var1479,path_test_1477,DI,IED1
var1480,path_test_1478,DI,IED1
var1481,path_test_1479,DI,IED1
var1482,path_test_1480,DI,IED1
var1483,path_test_1481,DI,IED1
var1484,path_test_1482,DI,IED1
var1485,path_test_1483,DI,IED1
var1486,path_test_1484,DI,IED1
var1487,path_test_1485,DI,IED1
var1488,path_test_1486,DI,IED1
var1489,path_test_1487,DI,IED1
var1490,path_test_1488,DI,IED1
var1491,path_test_1489,DI,IED1
var1492,path_test_1490,DI,IED1
var1493,path_test_1491,DI,IED1
var1494,path_test_1492,DI,IED1
var1495,path_test_1493,DI,IED1
var1496,path_test_1494,DI,IED1
var1497,path_test_1495,DI,IED1
var1498,path_test_1496,DI,IED1
var1499,path_test_1497,DI,IED1
var1500,path_test_1498,DI,IED1
var1501,path_test_1499,DI,IED1
var1502,path_test_1500,DI,IED1
var1503,path_test_1501,DI,IED1
var1504,path_test_1502,DI,IED1
var1505,path_test_1503,DI,IED1
var1506,path_test_1504,DI,IED1
var1507,path_test_1505,DI,IED1
var1508,path_test_1506,DI,IED1
var1509,path_test_1507,DI,IED1
var1510,path_test_1508,DI,IED1
var1511,path_test_1509,DI,IED1
var1512,path_test_1510,DI,IED1
var1513,path_test_1511,DI,IED1
var1514,path_test_1512,DI,IED1
var1515,path_test_1513,DI,IED1
var1516,path_test_1514,DI,IED1
var1517,path_test_1515,DI,IED1
var1518,path_test_1516,DI,IED1
var1519,path_test_1517,DI,IED1
var1520,path_test_1518,DI,IED1
var1521,path_test_1519,DI,IED1
var1522,path_test_1520,DI,IED1
var1523,path_test_1521,DI,IED1
var1524,path_test_1522,DI,IED1
var1525,path_test_1523,DI,IED1
var1526,path_test_1524,DI,IED1
var1527,path_test_1525,DI,IED1
var1528,path_test_1526,DI,IED1
var1529,path_test_1527,DI,IED1
var1530,path_test_1528,DI,IED1
var1531,path_test_1529,DI,IED1
var1532,path_test_1530,DI,IED1
var1533,path_test_1531,DI,IED1
var1534,path_test_1532,DI,IED1
var1535,path_test_1533,DI,IED1
var1536,path_test_1534,DI,IED1
var1537,path_test_1535,DI,IED1
var1538,path_test_1536,DI,IED1
var1539,path_test_1537,DI,IED1
var1540,path_test_1538,DI,IED1
var1541,path_test_1539,DI,IED1
var1542,path_test_1540,DI,IED1
var1543,path_test_1541,DI,IED1
var1544,path_test_1542,DI,IED1
var1545,path_test_1543,DI,IED1
var1546,path_test_1544,DI,IED1
var1547,path_test_1545,DI,IED1
var1548,path_test_1546,DI,IED1
var1549,path_test_1547,DI,IED1
var1550,path_test_1548,DI,IED1
var1551,path_test_1549,DI,IED1
var1552,path_test_1550,DI,IED1
var1553,path_test_1551,DI,IED1
var1554,path_test_1552,DI,IED1
var1555,path_test_1553,DI,IED1
var1556,path_test_1554,DI,IED1
var1557,path_test_1555,DI,IED1
var1558,path_test_1556,DI,IED1
var1559,path_test_1557,DI,IED1
var1560,path_test_1558,DI,IED1
var1561,path_test_1559,DI,IED1
var1562,path_test_1560,DI,IED1
var1563,path_test_1561,DI,IED1
var1564,path_test_1562,DI,IED1
var1565,path_test_1563,DI,IED1
var1566,path_test_1564,DI,IED1
var1567,path_test_1565,DI,IED1
var1568,path_test_1566,DI,IED1
var1569,path_test_1567,DI,IED1
var1570,path_test_1568,DI,IED1
var1571,path_test_1569,DI,IED1
var1572,path_test_1570,DI,IED1
var1573,path_test_1571,DI,IED1
var1574,path_test_1572,DI,IED1
var1575,path_test_1573,DI,IED1
var1576,path_test_1574,DI,IED1
var1577,path_test_1575,DI,IED1
var1578,path_test_1576,DI,IED1
var1579,path_test_1577,DI,IED1
var1580,path_test_1578,DI,IED1
var1581,path_test_1579,DI,IED1
var1582,path_test_1580,DI,IED1
var1583,path_test_1581,DI,IED1
var1584,path_test_1582,DI,IED1
var1585,path_test_1583,DI,IED1
var1586,path_test_1584,DI,IED1
var1587,path_test_1585,DI,IED1
var1588,path_test_1586,DI,IED1
var1589,path_test_1587,DI,IED1
var1590,path_test_1588,DI,IED1
var1591,path_test_1589,DI,IED1
var1592,path_test_1590,DI,IED1
var1593,path_test_1591,DI,IED1
var1594,path_test_1592,DI,IED1
var1595,path_test_1593,DI,IED1
var1596,path_test_1594,DI,IED1
var1597,path_test_1595,DI,IED1
var1598,path_test_1596,DI,IED1
var1599,path_test_1597,DI,IED1
var1600,path_test_1598,DI,IED1
var1601,path_test_1599,DI,IED1
var1602,path_test_1600,DI,IED1
var1603,path_test_1601,DI,IED1
var1604,path_test_1602,DI,IED1
var1605,path_test_1603,DI,IED1
var1606,path_test_1604,DI,IED1
var1607,path_test_1605,DI,IED1
var1608,path_test_1606,DI,IED1
var1609,path_test_1607,DI,IED1
var1610,path_test_1608,DI,IED1
var1611,path_test_1609,DI,IED1
var1612,path_test_1610,DI,IED1
var1613,path_test_1611,DI,IED1
var1614,path_test_1612,DI,IED1
var1615,path_test_1613,DI,IED1
var1616,path_test_1614,DI,IED1
var1617,path_test_1615,DI,IED1
var1618,path_test_1616,DI,IED1
var1619,path_test_1617,DI,IED1
var1620,path_test_1618,DI,IED1
var1621,path_test_1619,DI,IED1
var1622,path_test_1620,DI,IED1
var1623,path_test_1621,DI,IED1
var1624,path_test_1622,DI,IED1
var1625,path_test_1623,DI,IED1
var1626,path_test_1624,DI,IED1
var1627,path_test_1625,DI,IED1
var1628,path_test_1626,DI,IED1
var1629,path_test_1627,DI,IED1
var1630,path_test_1628,DI,IED1
var1631,path_test_1629,DI,IED1
var1632,path_test_1630,DI,IED1
var1633,path_test_1631,DI,IED1
var1634,path_test_1632,DI,IED1
var1635,path_test_1633,DI,IED1
var1636,path_test_1634,DI,IED1
var1637,path_test_1635,DI,IED1
var1638,path_test_1636,DI,IED1
var1639,path_test_1637,DI,IED1
var1640,path_test_1638,DI,IED1
var1641,path_test_1639,DI,IED1
var1642,path_test_1640,DI,IED1
var1643,path_test_1641,DI,IED1
var1644,path_test_1642,DI,IED1
var1645,path_test_1643,DI,IED1
var1646,path_test_1644,DI,IED1
var1647,path_test_1645,DI,IED1
var1648,path_test_1646,DI,IED1
var1649,path_test_1647,DI,IED1
var1650,path_test_1648,DI,IED1
var1651,path_test_1649,DI,IED1
var1652,path_test_1650,DI,IED1
var1653,path_test_1651,DI,IED1
var1654,path_test_1652,DI,IED1
var1655,path_test_1653,DI,IED1
var1656,path_test_1654,DI,IED1
var1657,path_test_1655,DI,IED1
var1658,path_test_1656,DI,IED1
var1659,path_test_1657,DI,IED1
var1660,path_test_1658,DI,IED1
var1661,path_test_1659,DI,IED1
var1662,path_test_1660,DI,IED1
var1663,path_test_1661,DI,IED1
var1664,path_test_1662,DI,IED1
var1665,path_test_1663,DI,IED1
var1666,path_test_1664,DI,IED1
var1667,path_test_1665,DI,IED1
var1668,path_test_1666,DI,IED1
var1669,path_test_1667,DI,IED1
var1670,path_test_1668,DI,IED1
var1671,path_test_1669,DI,IED1
var1672,path_test_1670,DI,IED1
var1673,path_test_1671,DI,IED1
var1674,path_test_1672,DI,IED1
var1675,path_test_1673,DI,IED1
var1676,path_test_1674,DI,IED1
var1677,path_test_1675,DI,IED1
var1678,path_test_1676,DI,IED1
var1679,path_test_1677,DI,IED1
var1680,path_test_1678,DI,IED1
var1681,path_test_1679,DI,IED1
var1682,path_test_1680,DI,IED1
var1683,path_test_1681,DI,IED1
var1684,path_test_1682,DI,IED1
var1685,path_test_1683,DI,IED1
var1686,path_test_1684,DI,IED1
var1687,path_test_1685,DI,IED1
var1688,path_test_1686,DI,IED1
var1689,path_test_1687,DI,IED1
var1690,path_test_1688,DI,IED1
var1691,path_test_1689,DI,IED1
var1692,path_test_1690,DI,IED1
var1693,path_test_1691,DI,IED1
var1694,path_test_1692,DI,IED1
var1695,path_test_1693,DI,IED1
var1696,path_test_1694,DI,IED1
var1697,path_test_1695,DI,IED1
var1698,path_test_1696,DI,IED1
var1699,path_test_1697,DI,IED1
var1700,path_test_1698,DI,IED1
var1701,path_test_1699,DI,IED1
var1702,path_test_1700,DI,IED1
var1703,path_test_1701,DI,IED1
var1704,path_test_1702,DI,IED1
var1705,path_test_1703,DI,IED1
var1706,path_test_1704,DI,IED1
var1707,path_test_1705,DI,IED1
var1708,path_test_1706,DI,IED1
var1709,path_test_1707,DI,IED1
var1710,path_test_1708,DI,IED1
var1711,path_test_1709,DI,IED1
var1712,path_test_1710,DI,IED1
var1713,path_test_1711,DI,IED1
var1714,path_test_1712,DI,IED1
var1715,path_test_1713,DI,IED1
var1716,path_test_1714,DI,IED1
var1717,path_test_1715,DI,IED1
var1718,path_test_1716,DI,IED1
var1719,path_test_1717,DI,IED1
var1720,path_test_1718,DI,IED1
var1721,path_test_1719,DI,IED1
var1722,path_test_1720,DI,IED1
var1723,path_test_1721,DI,IED1
var1724,path_test_1722,DI,IED1
var1725,path_test_1723,DI,IED1
var1726,path_test_1724,DI,IED1
var1727,path_test_1725,DI,IED1
var1728,path_test_1726,DI,IED1
var1729,path_test_1727,DI,IED1
var1730,path_test_1728,DI,IED1
var1731,path_test_1729,DI,IED1
var1732,path_test_1730,DI,IED1
var1733,path_test_1731,DI,IED1
var1734,path_test_1732,DI,IED1
var1735,path_test_1733,DI,IED1
var1736,path_test_1734,DI,IED1
var1737,path_test_1735,DI,IED1
var1738,path_test_1736,DI,IED1
var1739,path_test_1737,DI,IED1
var1740,path_test_1738,DI,IED1
var1741,path_test_1739,DI,IED1
var1742,path_test_1740,DI,IED1
var1743,path_test_1741,DI,IED1
var1744,path_test_1742,DI,IED1
var1745,path_test_1743,DI,IED1
var1746,path_test_1744,DI,IED1
var1747,path_test_1745,DI,IED1
var1748,path_test_1746,DI,IED1
var1749,path_test_1747,DI,IED1
var1750,path_test_1748,DI,IED1
var1751,path_test_1749,DI,IED1
var1752,path_test_1750,DI,IED1
var1753,path_test_1751,DI,IED1
var1754,path_test_1752,DI,IED1
var1755,path_test_1753,DI,IED1
var1756,path_test_1754,DI,IED1
var1757,path_test_1755,DI,IED1
var1758,path_test_1756,DI,IED1
var1759,path_test_1757,DI,IED1
var1760,path_test_1758,DI,IED1
var1761,path_test_1759,DI,IED1
var1762,path_test_1760,DI,IED1
var1763,path_test_1761,DI,IED1
var1764,path_test_1762,DI,IED1
var1765,path_test_1763,DI,IED1
var1766,path_test_1764,DI,IED1
var1767,path_test_1765,DI,IED1
var1768,path_test_1766,DI,IED1
var1769,path_test_1767,DI,IED1
var1770,path_test_1768,DI,IED1
var1771,path_test_1769,DI,IED1
var1772,path_test_1770,DI,IED1
var1773,path_test_1771,DI,IED1
var1774,path_test_1772,DI,IED1
var1775,path_test_1773,DI,IED1
var1776,path_test_1774,DI,IED1
var1777,path_test_1775,DI,IED1
var1778,path_test_1776,DI,IED1
var1779,path_test_1777,DI,IED1
var1780,path_test_1778,DI,IED1
var1781,path_test_1779,DI,IED1
var1782,path_test_1780,DI,IED1
var1783,path_test_1781,DI,IED1
var1784,path_test_1782,DI,IED1
var1785,path_test_1783,DI,IED1
var1786,path_test_1784,DI,IED1
var1787,path_test_1785,DI,IED1
var1788,path_test_1786,DI,IED1
var1789,path_test_1787,DI,IED1
var1790,path_test_1788,DI,IED1
var1791,path_test_1789,DI,IED1
var1792,path_test_1790,DI,IED1
var1793,path_test_1791,DI,IED1
var1794,path_test_1792,DI,IED1
var1795,path_test_1793,DI,IED1
var1796,path_test_1794,DI,IED1
var1797,path_test_1795,DI,IED1
var1798,path_test_1796,DI,IED1
var1799,path_test_1797,DI,IED1
var1800,path_test_1798,DI,IED1
var1801,path_test_1799,DI,IED1
var1802,path_test_1800,DI,IED1
var1803,path_test_1801,DI,IED1
var1804,path_test_1802,DI,IED1
var1805,path_test_1803,DI,IED1
var1806,path_test_1804,DI,IED1
var1807,path_test_1805,DI,IED1
var1808,path_test_1806,DI,IED1
var1809,path_test_1807,DI,IED1
var1810,path_test_1808,DI,IED1
var1811,path_test_1809,DI,IED1
var1812,path_test_1810,DI,IED1
var1813,path_test_1811,DI,IED1
var1814,path_test_1812,DI,IED1
var1815,path_test_1813,DI,IED1
var1816,path_test_1814,DI,IED1
var1817,path_test_1815,DI,IED1
var1818,path_test_1816,DI,IED1
var1819,path_test_1817,DI,IED1
var1820,path_test_1818,DI,IED1
var1821,path_test_1819,DI,IED1
var1822,path_test_1820,DI,IED1
var1823,path_test_1821,DI,IED1
var1824,path_test_1822,DI,IED1
var1825,path_test_1823,DI,IED1
var1826,path_test_1824,DI,IED1
var1827,path_test_1825,DI,IED1
var1828,path_test_1826,DI,IED1
var1829,path_test_1827,DI,IED1
var1830,path_test_1828,DI,IED1
var1831,path_test_1829,DI,IED1
var1832,path_test_1830,DI,IED1
var1833,path_test_1831,DI,IED1
var1834,path_test_1832,DI,IED1
var1835,path_test_1833,DI,IED1
var1836,path_test_1834,DI,IED1
var1837,path_test_1835,DI,IED1
var1838,path_test_1836,DI,IED1
var1839,path_test_1837,DI,IED1
var1840,path_test_1838,DI,IED1
var1841,path_test_1839,DI,IED1
var1842,path_test_1840,DI,IED1
var1843,path_test_1841,DI,IED1
var1844,path_test_1842,DI,IED1
var1845,path_test_1843,DI,IED1
var1846,path_test_1844,DI,IED1
var1847,path_test_1845,DI,IED1
var1848,path_test_1846,DI,IED1
var1849,path_test_1847,DI,IED1
var1850,path_test_1848,DI,IED1
var1851,path_test_1849,DI,IED1
var1852,path_test_1850,DI,IED1
var1853,path_test_1851,DI,IED1
var1854,path_test_1852,DI,IED1
var1855,path_test_1853,DI,IED1
var1856,path_test_1854,DI,IED1
var1857,path_test_1855,DI,IED1
var1858,path_test_1856,DI,IED1
var1859,path_test_1857,DI,IED1
var1860,path_test_1858,DI,IED1
var1861,path_test_1859,DI,IED1
var1862,path_test_1860,DI,IED1
var1863,path_test_1861,DI,IED1
var1864,path_test_1862,DI,IED1
var1865,path_test_1863,DI,IED1
var1866,path_test_1864,DI,IED1
var1867,path_test_1865,DI,IED1
var1868,path_test_1866,DI,IED1
var1869,path_test_1867,DI,IED1
var1870,path_test_1868,DI,IED1
var1871,path_test_1869,DI,IED1
var1872,path_test_1870,DI,IED1
var1873,path_test_1871,DI,IED1
var1874,path_test_1872,DI,IED1
var1875,path_test_1873,DI,IED1
var1876,path_test_1874,DI,IED1
var1877,path_test_1875,DI,IED1
var1878,path_test_1876,DI,IED1
var1879,path_test_1877,DI,IED1
var1880,path_test_1878,DI,IED1
var1881,path_test_1879,DI,IED1
var1882,path_test_1880,DI,IED1
var1883,path_test_1881,DI,IED1
var1884,path_test_1882,DI,IED1
var1885,path_test_1883,DI,IED1
var1886,path_test_1884,DI,IED1
var1887,path_test_1885,DI,IED1
var1888,path_test_1886,DI,IED1
var1889,path_test_1887,DI,IED1
var1890,path_test_1888,DI,IED1
var1891,path_test_1889,DI,IED1
var1892,path_test_1890,DI,IED1
var1893,path_test_1891,DI,IED1
var1894,path_test_1892,DI,IED1
var1895,path_test_1893,DI,IED1
var1896,path_test_1894,DI,IED1
var1897,path_test_1895,DI,IED1
var1898,path_test_1896,DI,IED1
var1899,path_test_1897,DI,IED1
var1900,path_test_1898,DI,IED1
var1901,path_test_1899,DI,IED1
var1902,path_test_1900,DI,IED1
var1903,path_test_1901,DI,IED1
var1904,path_test_1902,DI,IED1
var1905,path_test_1903,DI,IED1
var1906,path_test_1904,DI,IED1
var1907,path_test_1905,DI,IED1
var1908,path_test_1906,DI,IED1
var1909,path_test_1907,DI,IED1
var1910,path_test_1908,DI,IED1
var1911,path_test_1909,DI,IED1
var1912,path_test_1910,DI,IED1
var1913,path_test_1911,DI,IED1
var1914,path_test_1912,DI,IED1
var1915,path_test_1913,DI,IED1
var1916,path_test_1914,DI,IED1
var1917,path_test_1915,DI,IED1
var1918,path_test_1916,DI,IED1
var1919,path_test_1917,DI,IED1
var1920,path_test_1918,DI,IED1
var1921,path_test_1919,DI,IED1
var1922,path_test_1920,DI,IED1
var1923,path_test_1921,DI,IED1
var1924,path_test_1922,DI,IED1
var1925,path_test_1923,DI,IED1
var1926,path_test_1924,DI,IED1
var1927,path_test_1925,DI,IED1
var1928,path_test_1926,DI,IED1
var1929,path_test_1927,DI,IED1
var1930,path_test_1928,DI,IED1
var1931,path_test_1929,DI,IED1
var1932,path_test_1930,DI,IED1
var1933,path_test_1931,DI,IED1
var1934,path_test_1932,DI,IED1
var1935,path_test_1933,DI,IED1
var1936,path_test_1934,DI,IED1
var1937,path_test_1935,DI,IED1
var1938,path_test_1936,DI,IED1
var1939,path_test_1937,DI,IED1
var1940,path_test_1938,DI,IED1
var1941,path_test_1939,DI,IED1
var1942,path_test_1940,DI,IED1
var1943,path_test_1941,DI,IED1
var1944,path_test_1942,DI,IED1
var1945,path_test_1943,DI,IED1
var1946,path_test_1944,DI,IED1
var1947,path_test_1945,DI,IED1
var1948,path_test_1946,DI,IED1
var1949,path_test_1947,DI,IED1
var1950,path_test_1948,DI,IED1
var1951,path_test_1949,DI,IED1
var1952,path_test_1950,DI,IED1
var1953,path_test_1951,DI,IED1
var1954,path_test_1952,DI,IED1
var1955,path_test_1953,DI,IED1
var1956,path_test_1954,DI,IED1
var1957,path_test_1955,DI,IED1
var1958,path_test_1956,DI,IED1
var1959,path_test_1957,DI,IED1
var1960,path_test_1958,DI,IED1
var1961,path_test_1959,DI,IED1
var1962,path_test_1960,DI,IED1
var1963,path_test_1961,DI,IED1
var1964,path_test_1962,DI,IED1
var1965,path_test_1963,DI,IED1
var1966,path_test_1964,DI,IED1
var1967,path_test_1965,DI,IED1
var1968,path_test_1966,DI,IED1
var1969,path_test_1967,DI,IED1
var1970,path_test_1968,DI,IED1
var1971,path_test_1969,DI,IED1
var1972,path_test_1970,DI,IED1
var1973,path_test_1971,DI,IED1
var1974,path_test_1972,DI,IED1
var1975,path_test_1973,DI,IED1
var1976,path_test_1974,DI,IED1
var1977,path_test_1975,DI,IED1
var1978,path_test_1976,DI,IED1
var1979,path_test_1977,DI,IED1
var1980,path_test_1978,DI,IED1
var1981,path_test_1979,DI,IED1
var1982,path_test_1980,DI,IED1
var1983,path_test_1981,DI,IED1
var1984,path_test_1982,DI,IED1
var1985,path_test_1983,DI,IED1
var1986,path_test_1984,DI,IED1
var1987,path_test_1985,DI,IED1
var1988,path_test_1986,DI,IED1
var1989,path_test_1987,DI,IED1
var1990,path_test_1988,DI,IED1
var1991,path_test_1989,DI,IED1
var1992,path_test_1990,DI,IED1
var1993,path_test_1991,DI,IED1
var1994,path_test_1992,DI,IED1
var1995,path_test_1993,DI,IED1
var1996,path_test_1994,DI,IED1
var1997,path_test_1995,DI,IED1
var1998,path_test_1996,DI,IED1
var1999,path_test_1997,DI,IED1
var2000,path_test_1998,DI,IED1
var2001,path_test_1999,DI,IED1
var2002,path_test_2000,DI,IED1
var2003,path_test_2001,DI,IED1
var2004,path_test_2002,DI,IED1
var2005,path_test_2003,DI,IED1
var2006,path_test_2004,DI,IED1
var2007,path_test_2005,DI,IED1
var2008,path_test_2006,DI,IED1
var2009,path_test_2007,DI,IED1
var2010,path_test_2008,DI,IED1
var2011,path_test_2009,DI,IED1
var2012,path_test_2010,DI,IED1
var2013,path_test_2011,DI,IED1
var2014,path_test_2012,DI,IED1
var2015,path_test_2013,DI,IED1
var2016,path_test_2014,DI,IED1
var2017,path_test_2015,DI,IED1
var2018,path_test_2016,DI,IED1
var2019,path_test_2017,DI,IED1
var2020,path_test_2018,DI,IED1
var2021,path_test_2019,DI,IED1
var2022,path_test_2020,DI,IED1
var2023,path_test_2021,DI,IED1
var2024,path_test_2022,DI,IED1
var2025,path_test_2023,DI,IED1
var2026,path_test_2024,DI,IED1
var2027,path_test_2025,DI,IED1
var2028,path_test_2026,DI,IED1
var2029,path_test_2027,DI,IED1
var2030,path_test_2028,DI,IED1
var2031,path_test_2029,DI,IED1
var2032,path_test_2030,DI,IED1
var2033,path_test_2031,DI,IED1
var2034,path_test_2032,DI,IED1
var2035,path_test_2033,DI,IED1
var2036,path_test_2034,DI,IED1
var2037,path_test_2035,DI,IED1
var2038,path_test_2036,DI,IED1
var2039,path_test_2037,DI,IED1
var2040,path_test_2038,DI,IED1
var2041,path_test_2039,DI,IED1
var2042,path_test_2040,DI,IED1
var2043,path_test_2041,DI,IED1
var2044,path_test_2042,DI,IED1
var2045,path_test_2043,DI,IED1
var2046,path_test_2044,DI,IED1
var2047,path_test_2045,DI,IED1
var2048,path_test_2046,DI,IED1
var2049,path_test_2047,DI,IED1
var2050,path_test_2048,DI,IED1
var2051,path_test_2049,DI,IED1
var2052,path_test_2050,DI,IED1
var2053,path_test_2051,DI,IED1
var2054,path_test_2052,DI,IED1
var2055,path_test_2053,DI,IED1
var2056,path_test_2054,DI,IED1
var2057,path_test_2055,DI,IED1
var2058,path_test_2056,DI,IED1
var2059,path_test_2057,DI,IED1
var2060,path_test_2058,DI,IED1
var2061,path_test_2059,DI,IED1
var2062,path_test_2060,DI,IED1
var2063,path_test_2061,DI,IED1
var2064,path_test_2062,DI,IED1
var2065,path_test_2063,DI,IED1
var2066,path_test_2064,DI,IED1
var2067,path_test_2065,DI,IED1
var2068,path_test_2066,DI,IED1
var2069,path_test_2067,DI,IED1
var2070,path_test_2068,DI,IED1
var2071,path_test_2069,DI,IED1
var2072,path_test_2070,DI,IED1
var2073,path_test_2071,DI,IED1
var2074,path_test_2072,DI,IED1
var2075,path_test_2073,DI,IED1
var2076,path_test_2074,DI,IED1
var2077,path_test_2075,DI,IED1
var2078,path_test_2076,DI,IED1
var2079,path_test_2077,DI,IED1
var2080,path_test_2078,DI,IED1
var2081,path_test_2079,DI,IED1
var2082,path_test_2080,DI,IED1
var2083,path_test_2081,DI,IED1
var2084,path_test_2082,DI,IED1
var2085,path_test_2083,DI,IED1
var2086,path_test_2084,DI,IED1
var2087,path_test_2085,DI,IED1
var2088,path_test_2086,DI,IED1
var2089,path_test_2087,DI,IED1
var2090,path_test_2088,DI,IED1
var2091,path_test_2089,DI,IED1
var2092,path_test_2090,DI,IED1
var2093,path_test_2091,DI,IED1
var2094,path_test_2092,DI,IED1
var2095,path_test_2093,DI,IED1
var2096,path_test_2094,DI,IED1
var2097,path_test_2095,DI,IED1
var2098,path_test_2096,DI,IED1
var2099,path_test_2097,DI,IED1
var2100,path_test_2098,DI,IED1
var2101,path_test_2099,DI,IED1
var2102,path_test_2100,DI,IED1
var2103,path_test_2101,DI,IED1
var2104,path_test_2102,DI,IED1
var2105,path_test_2103,DI,IED1
var2106,path_test_2104,DI,IED1
var2107,path_test_2105,DI,IED1
var2108,path_test_2106,DI,IED1
var2109,path_test_2107,DI,IED1
var2110,path_test_2108,DI,IED1
var2111,path_test_2109,DI,IED1
var2112,path_test_2110,DI,IED1
var2113,path_test_2111,DI,IED1
var2114,path_test_2112,DI,IED1
var2115,path_test_2113,DI,IED1
var2116,path_test_2114,DI,IED1
var2117,path_test_2115,DI,IED1
var2118,path_test_2116,DI,IED1
var2119,path_test_2117,DI,IED1
var2120,path_test_2118,DI,IED1
var2121,path_test_2119,DI,IED1
var2122,path_test_2120,DI,IED1
var2123,path_test_2121,DI,IED1
var2124,path_test_2122,DI,IED1
var2125,path_test_2123,DI,IED1
var2126,path_test_2124,DI,IED1
var2127,path_test_2125,DI,IED1
var2128,path_test_2126,DI,IED1
var2129,path_test_2127,DI,IED1
var2130,path_test_2128,DI,IED1
var2131,path_test_2129,DI,IED1
var2132,path_test_2130,DI,IED1
var2133,path_test_2131,DI,IED1
var2134,path_test_2132,DI,IED1
var2135,path_test_2133,DI,IED1
var2136,path_test_2134,DI,IED1
var2137,path_test_2135,DI,IED1
var2138,path_test_2136,DI,IED1
var2139,path_test_2137,DI,IED1
var2140,path_test_2138,DI,IED1
var2141,path_test_2139,DI,IED1
var2142,path_test_2140,DI,IED1
var2143,path_test_2141,DI,IED1
var2144,path_test_2142,DI,IED1
var2145,path_test_2143,DI,IED1
var2146,path_test_2144,DI,IED1
var2147,path_test_2145,DI,IED1
var2148,path_test_2146,DI,IED1
var2149,path_test_2147,DI,IED1
var2150,path_test_2148,DI,IED1
var2151,path_test_2149,DI,IED1
var2152,path_test_2150,DI,IED1
var2153,path_test_2151,DI,IED1
var2154,path_test_2152,DI,IED1
var2155,path_test_2153,DI,IED1
var2156,path_test_2154,DI,IED1
var2157,path_test_2155,DI,IED1
var2158,path_test_2156,DI,IED1
var2159,path_test_2157,DI,IED1
var2160,path_test_2158,DI,IED1
var2161,path_test_2159,DI,IED1
var2162,path_test_2160,DI,IED1
var2163,path_test_2161,DI,IED1
var2164,path_test_2162,DI,IED1
var2165,path_test_2163,DI,IED1
var2166,path_test_2164,DI,IED1
var2167,path_test_2165,DI,IED1
var2168,path_test_2166,DI,IED1
var2169,path_test_2167,DI,IED1
var2170,path_test_2168,DI,IED1
var2171,path_test_2169,DI,IED1
var2172,path_test_2170,DI,IED1
var2173,path_test_2171,DI,IED1
var2174,path_test_2172,DI,IED1
var2175,path_test_2173,DI,IED1
var2176,path_test_2174,DI,IED1
var2177,path_test_2175,DI,IED1
var2178,path_test_2176,DI,IED1
var2179,path_test_2177,DI,IED1
var2180,path_test_2178,DI,IED1
var2181,path_test_2179,DI,IED1
var2182,path_test_2180,DI,IED1
var2183,path_test_2181,DI,IED1
var2184,path_test_2182,DI,IED1
var2185,path_test_2183,DI,IED1
var2186,path_test_2184,DI,IED1
var2187,path_test_2185,DI,IED1
var2188,path_test_2186,DI,IED1
var2189,path_test_2187,DI,IED1
var2190,path_test_2188,DI,IED1
var2191,path_test_2189,DI,IED1
var2192,path_test_2190,DI,IED1
var2193,path_test_2191,DI,IED1
var2194,path_test_2192,DI,IED1
var2195,path_test_2193,DI,IED1
var2196,path_test_2194,DI,IED1
var2197,path_test_2195,DI,IED1
var2198,path_test_2196,DI,IED1
var2199,path_test_2197,DI,IED1
var2200,path_test_2198,DI,IED1
var2201,path_test_2199,DI,IED1
var2202,path_test_2200,DI,IED1
var2203,path_test_2201,DI,IED1
var2204,path_test_2202,DI,IED1
var2205,path_test_2203,DI,IED1
var2206,path_test_2204,DI,IED1
var2207,path_test_2205,DI,IED1
var2208,path_test_2206,DI,IED1
var2209,path_test_2207,DI,IED1
var2210,path_test_2208,DI,IED1
var2211,path_test_2209,DI,IED1
var2212,path_test_2210,DI,IED1
var2213,path_test_2211,DI,IED1
var2214,path_test_2212,DI,IED1
var2215,path_test_2213,DI,IED1
var2216,path_test_2214,DI,IED1
var2217,path_test_2215,DI,IED1
var2218,path_test_2216,DI,IED1
var2219,path_test_2217,DI,IED1
var2220,path_test_2218,DI,IED1
var2221,path_test_2219,DI,IED1
var2222,path_test_2220,DI,IED1
var2223,path_test_2221,DI,IED1
var2224,path_test_2222,DI,IED1
var2225,path_test_2223,DI,IED1
var2226,path_test_2224,DI,IED1
var2227,path_test_2225,DI,IED1
var2228,path_test_2226,DI,IED1
var2229,path_test_2227,DI,IED1
var2230,path_test_2228,DI,IED1
var2231,path_test_2229,DI,IED1
var2232,path_test_2230,DI,IED1
var2233,path_test_2231,DI,IED1
var2234,path_test_2232,DI,IED1
var2235,path_test_2233,DI,IED1
var2236,path_test_2234,DI,IED1
var2237,path_test_2235,DI,IED1
var2238,path_test_2236,DI,IED1
var2239,path_test_2237,DI,IED1
var2240,path_test_2238,DI,IED1
var2241,path_test_2239,DI,IED1
var2242,path_test_2240,DI,IED1
var2243,path_test_2241,DI,IED1
var2244,path_test_2242,DI,IED1
var2245,path_test_2243,DI,IED1
var2246,path_test_2244,DI,IED1
var2247,path_test_2245,DI,IED1
var2248,path_test_2246,DI,IED1
var2249,path_test_2247,DI,IED1
var2250,path_test_2248,DI,IED1
var2251,path_test_2249,DI,IED1
var2252,path_test_2250,DI,IED1
var2253,path_test_2251,DI,IED1
var2254,path_test_2252,DI,IED1
var2255,path_test_2253,DI,IED1
var2256,path_test_2254,DI,IED1
var2257,path_test_2255,DI,IED1
var2258,path_test_2256,DI,IED1
var2259,path_test_2257,DI,IED1
var2260,path_test_2258,DI,IED1
var2261,path_test_2259,DI,IED1
var2262,path_test_2260,DI,IED1
var2263,path_test_2261,DI,IED1
var2264,path_test_2262,DI,IED1
var2265,path_test_2263,DI,IED1
var2266,path_test_2264,DI,IED1
var2267,path_test_2265,DI,IED1
var2268,path_test_2266,DI,IED1
var2269,path_test_2267,DI,IED1
var2270,path_test_2268,DI,IED1
var2271,path_test_2269,DI,IED1
var2272,path_test_2270,DI,IED1
var2273,path_test_2271,DI,IED1
var2274,path_test_2272,DI,IED1
var2275,path_test_2273,DI,IED1
var2276,path_test_2274,DI,IED1
var2277,path_test_2275,DI,IED1
var2278,path_test_2276,DI,IED1
var2279,path_test_2277,DI,IED1
var2280,path_test_2278,DI,IED1
var2281,path_test_2279,DI,IED1
var2282,path_test_2280,DI,IED1
var2283,path_test_2281,DI,IED1
var2284,path_test_2282,DI,IED1
var2285,path_test_2283,DI,IED1
var2286,path_test_2284,DI,IED1
var2287,path_test_2285,DI,IED1
var2288,path_test_2286,DI,IED1
var2289,path_test_2287,DI,IED1
var2290,path_test_2288,DI,IED1
var2291,path_test_2289,DI,IED1
var2292,path_test_2290,DI,IED1
var2293,path_test_2291,DI,IED1
var2294,path_test_2292,DI,IED1
var2295,path_test_2293,DI,IED1
var2296,path_test_2294,DI,IED1
var2297,path_test_2295,DI,IED1
var2298,path_test_2296,DI,IED1
var2299,path_test_2297,DI,IED1
var2300,path_test_2298,DI,IED1
var2301,path_test_2299,DI,IED1
var2302,path_test_2300,DI,IED1
var2303,path_test_2301,DI,IED1
var2304,path_test_2302,DI,IED1
var2305,path_test_2303,DI,IED1
var2306,path_test_2304,DI,IED1
var2307,path_test_2305,DI,IED1
var2308,path_test_2306,DI,IED1
var2309,path_test_2307,DI,IED1
var2310,path_test_2308,DI,IED1
var2311,path_test_2309,DI,IED1
var2312,path_test_2310,DI,IED1
var2313,path_test_2311,DI,IED1
var2314,path_test_2312,DI,IED1
var2315,path_test_2313,DI,IED1
var2316,path_test_2314,DI,IED1
var2317,path_test_2315,DI,IED1
var2318,path_test_2316,DI,IED1
var2319,path_test_2317,DI,IED1
var2320,path_test_2318,DI,IED1
var2321,path_test_2319,DI,IED1
var2322,path_test_2320,DI,IED1
var2323,path_test_2321,DI,IED1
var2324,path_test_2322,DI,IED1
var2325,path_test_2323,DI,IED1
var2326,path_test_2324,DI,IED1
var2327,path_test_2325,DI,IED1
var2328,path_test_2326,DI,IED1
var2329,path_test_2327,DI,IED1
var2330,path_test_2328,DI,IED1
var2331,path_test_2329,DI,IED1
var2332,path_test_2330,DI,IED1
var2333,path_test_2331,DI,IED1
var2334,path_test_2332,DI,IED1
var2335,path_test_2333,DI,IED1
var2336,path_test_2334,DI,IED1
var2337,path_test_2335,DI,IED1
var2338,path_test_2336,DI,IED1
var2339,path_test_2337,DI,IED1
var2340,path_test_2338,DI,IED1
var2341,path_test_2339,DI,IED1
var2342,path_test_2340,DI,IED1
var2343,path_test_2341,DI,IED1
var2344,path_test_2342,DI,IED1
var2345,path_test_2343,DI,IED1
var2346,path_test_2344,DI,IED1
var2347,path_test_2345,DI,IED1
var2348,path_test_2346,DI,IED1
var2349,path_test_2347,DI,IED1
var2350,path_test_2348,DI,IED1
var2351,path_test_2349,DI,IED1
var2352,path_test_2350,DI,IED1
var2353,path_test_2351,DI,IED1
var2354,path_test_2352,DI,IED1
var2355,path_test_2353,DI,IED1
var2356,path_test_2354,DI,IED1
var2357,path_test_2355,DI,IED1
var2358,path_test_2356,DI,IED1
var2359,path_test_2357,DI,IED1
var2360,path_test_2358,DI,IED1
var2361,path_test_2359,DI,IED1
var2362,path_test_2360,DI,IED1
var2363,path_test_2361,DI,IED1
var2364,path_test_2362,DI,IED1
var2365,path_test_2363,DI,IED1
var2366,path_test_2364,DI,IED1
var2367,path_test_2365,DI,IED1
var2368,path_test_2366,DI,IED1
var2369,path_test_2367,DI,IED1
var2370,path_test_2368,DI,IED1
var2371,path_test_2369,DI,IED1
var2372,path_test_2370,DI,IED1
var2373,path_test_2371,DI,IED1
var2374,path_test_2372,DI,IED1
var2375,path_test_2373,DI,IED1
var2376,path_test_2374,DI,IED1
var2377,path_test_2375,DI,IED1
var2378,path_test_2376,DI,IED1
var2379,path_test_2377,DI,IED1
var2380,path_test_2378,DI,IED1
var2381,path_test_2379,DI,IED1
var2382,path_test_2380,DI,IED1
var2383,path_test_2381,DI,IED1
var2384,path_test_2382,DI,IED1
var2385,path_test_2383,DI,IED1
var2386,path_test_2384,DI,IED1
var2387,path_test_2385,DI,IED1
var2388,path_test_2386,DI,IED1
var2389,path_test_2387,DI,IED1
var2390,path_test_2388,DI,IED1
var2391,path_test_2389,DI,IED1
var2392,path_test_2390,DI,IED1
var2393,path_test_2391,DI,IED1
var2394,path_test_2392,DI,IED1
var2395,path_test_2393,DI,IED1
var2396,path_test_2394,DI,IED1
var2397,path_test_2395,DI,IED1
var2398,path_test_2396,DI,IED1
var2399,path_test_2397,DI,IED1
var2400,path_test_2398,DI,IED1
var2401,path_test_2399,DI,IED1
var2402,path_test_2400,DI,IED1
var2403,path_test_2401,DI,IED1
var2404,path_test_2402,DI,IED1
var2405,path_test_2403,DI,IED1
var2406,path_test_2404,DI,IED1
var2407,path_test_2405,DI,IED1
var2408,path_test_2406,DI,IED1
var2409,path_test_2407,DI,IED1
var2410,path_test_2408,DI,IED1
var2411,path_test_2409,DI,IED1
var2412,path_test_2410,DI,IED1
var2413,path_test_2411,DI,IED1
var2414,path_test_2412,DI,IED1
var2415,path_test_2413,DI,IED1
var2416,path_test_2414,DI,IED1
var2417,path_test_2415,DI,IED1
var2418,path_test_2416,DI,IED1
var2419,path_test_2417,DI,IED1
var2420,path_test_2418,DI,IED1
var2421,path_test_2419,DI,IED1
var2422,path_test_2420,DI,IED1
var2423,path_test_2421,DI,IED1
var2424,path_test_2422,DI,IED1
var2425,path_test_2423,DI,IED1
var2426,path_test_2424,DI,IED1
var2427,path_test_2425,DI,IED1
var2428,path_test_2426,DI,IED1
var2429,path_test_2427,DI,IED1
var2430,path_test_2428,DI,IED1
var2431,path_test_2429,DI,IED1
var2432,path_test_2430,DI,IED1
var2433,path_test_2431,DI,IED1
var2434,path_test_2432,DI,IED1
var2435,path_test_2433,DI,IED1
var2436,path_test_2434,DI,IED1
var2437,path_test_2435,DI,IED1
var2438,path_test_2436,DI,IED1
var2439,path_test_2437,DI,IED1
var2440,path_test_2438,DI,IED1
var2441,path_test_2439,DI,IED1
var2442,path_test_2440,DI,IED1
var2443,path_test_2441,DI,IED1
var2444,path_test_2442,DI,IED1
var2445,path_test_2443,DI,IED1
var2446,path_test_2444,DI,IED1
var2447,path_test_2445,DI,IED1
var2448,path_test_2446,DI,IED1
var2449,path_test_2447,DI,IED1
var2450,path_test_2448,DI,IED1
var2451,path_test_2449,DI,IED1
var2452,path_test_2450,DI,IED1
var2453,path_test_2451,DI,IED1
var2454,path_test_2452,DI,IED1
var2455,path_test_2453,DI,IED1
var2456,path_test_2454,DI,IED1
var2457,path_test_2455,DI,IED1
var2458,path_test_2456,DI,IED1
var2459,path_test_2457,DI,IED1
var2460,path_test_2458,DI,IED1
var2461,path_test_2459,DI,IED1
var2462,path_test_2460,DI,IED1
var2463,path_test_2461,DI,IED1
var2464,path_test_2462,DI,IED1
var2465,path_test_2463,DI,IED1
var2466,path_test_2464,DI,IED1
var2467,path_test_2465,DI,IED1
var2468,path_test_2466,DI,IED1
var2469,path_test_2467,DI,IED1
var2470,path_test_2468,DI,IED1
var2471,path_test_2469,DI,IED1
var2472,path_test_2470,DI,IED1
var2473,path_test_2471,DI,IED1
var2474,path_test_2472,DI,IED1
var2475,path_test_2473,DI,IED1
var2476,path_test_2474,DI,IED1
var2477,path_test_2475,DI,IED1
var2478,path_test_2476,DI,IED1
var2479,path_test_2477,DI,IED1
var2480,path_test_2478,DI,IED1
var2481,path_test_2479,DI,IED1
var2482,path_test_2480,DI,IED1
var2483,path_test_2481,DI,IED1
var2484,path_test_2482,DI,IED1
var2485,path_test_2483,DI,IED1
var2486,path_test_2484,DI,IED1
var2487,path_test_2485,DI,IED1
var2488,path_test_2486,DI,IED1
var2489,path_test_2487,DI,IED1
var2490,path_test_2488,DI,IED1
var2491,path_test_2489,DI,IED1
var2492,path_test_2490,DI,IED1
var2493,path_test_2491,DI,IED1
var2494,path_test_2492,DI,IED1
var2495,path_test_2493,DI,IED1
var2496,path_test_2494,DI,IED1
var2497,path_test_2495,DI,IED1
var2498,path_test_2496,DI,IED1
var2499,path_test_2497,DI,IED1
var2500,path_test_2498,DI,IED1
var2501,path_test_2499,DI,IED1
var2502,path_test_2500,DI,IED1
var2503,path_test_2501,DI,IED1
var2504,path_test_2502,DI,IED1
var2505,path_test_2503,DI,IED1
var2506,path_test_2504,DI,IED1
var2507,path_test_2505,DI,IED1
var2508,path_test_2506,DI,IED1
var2509,path_test_2507,DI,IED1
var2510,path_test_2508,DI,IED1
var2511,path_test_2509,DI,IED1
var2512,path_test_2510,DI,IED1
var2513,path_test_2511,DI,IED1
var2514,path_test_2512,DI,IED1
var2515,path_test_2513,DI,IED1
var2516,path_test_2514,DI,IED1
var2517,path_test_2515,DI,IED1
var2518,path_test_2516,DI,IED1
var2519,path_test_2517,DI,IED1
var2520,path_test_2518,DI,IED1
var2521,path_test_2519,DI,IED1
var2522,path_test_2520,DI,IED1
var2523,path_test_2521,DI,IED1
var2524,path_test_2522,DI,IED1
var2525,path_test_2523,DI,IED1
var2526,path_test_2524,DI,IED1
var2527,path_test_2525,DI,IED1
var2528,path_test_2526,DI,IED1
var2529,path_test_2527,DI,IED1
var2530,path_test_2528,DI,IED1
var2531,path_test_2529,DI,IED1
var2532,path_test_2530,DI,IED1
var2533,path_test_2531,DI,IED1
var2534,path_test_2532,DI,IED1
var2535,path_test_2533,DI,IED1
var2536,path_test_2534,DI,IED1
var2537,path_test_2535,DI,IED1
var2538,path_test_2536,DI,IED1
var2539,path_test_2537,DI,IED1
var2540,path_test_2538,DI,IED1
var2541,path_test_2539,DI,IED1
var2542,path_test_2540,DI,IED1
var2543,path_test_2541,DI,IED1
var2544,path_test_2542,DI,IED1
var2545,path_test_2543,DI,IED1
var2546,path_test_2544,DI,IED1
var2547,path_test_2545,DI,IED1
var2548,path_test_2546,DI,IED1
var2549,path_test_2547,DI,IED1
var2550,path_test_2548,DI,IED1
var2551,path_test_2549,DI,IED1
var2552,path_test_2550,DI,IED1
var2553,path_test_2551,DI,IED1
var2554,path_test_2552,DI,IED1
var2555,path_test_2553,DI,IED1
var2556,path_test_2554,DI,IED1
var2557,path_test_2555,DI,IED1
var2558,path_test_2556,DI,IED1
var2559,path_test_2557,DI,IED1
var2560,path_test_2558,DI,IED1
var2561,path_test_2559,DI,IED1
var2562,path_test_2560,DI,IED1
var2563,path_test_2561,DI,IED1
var2564,path_test_2562,DI,IED1
var2565,path_test_2563,DI,IED1
var2566,path_test_2564,DI,IED1
var2567,path_test_2565,DI,IED1
var2568,path_test_2566,DI,IED1
var2569,path_test_2567,DI,IED1
var2570,path_test_2568,DI,IED1
var2571,path_test_2569,DI,IED1
var2572,path_test_2570,DI,IED1
var2573,path_test_2571,DI,IED1
var2574,path_test_2572,DI,IED1
var2575,path_test_2573,DI,IED1
var2576,path_test_2574,DI,IED1
var2577,path_test_2575,DI,IED1
var2578,path_test_2576,DI,IED1
var2579,path_test_2577,DI,IED1
var2580,path_test_2578,DI,IED1
var2581,path_test_2579,DI,IED1
var2582,path_test_2580,DI,IED1
var2583,path_test_2581,DI,IED1
var2584,path_test_2582,DI,IED1
var2585,path_test_2583,DI,IED1
var2586,path_test_2584,DI,IED1
var2587,path_test_2585,DI,IED1
var2588,path_test_2586,DI,IED1
var2589,path_test_2587,DI,IED1
var2590,path_test_2588,DI,IED1
var2591,path_test_2589,DI,IED1
var2592,path_test_2590,DI,IED1
var2593,path_test_2591,DI,IED1
var2594,path_test_2592,DI,IED1
var2595,path_test_2593,DI,IED1
var2596,path_test_2594,DI,IED1
var2597,path_test_2595,DI,IED1
var2598,path_test_2596,DI,IED1
var2599,path_test_2597,DI,IED1
var2600,path_test_2598,DI,IED1
var2601,path_test_2599,DI,IED1
var2602,path_test_2600,DI,IED1
var2603,path_test_2601,DI,IED1
var2604,path_test_2602,DI,IED1
var2605,path_test_2603,DI,IED1
var2606,path_test_2604,DI,IED1
var2607,path_test_2605,DI,IED1
var2608,path_test_2606,DI,IED1
var2609,path_test_2607,DI,IED1
var2610,path_test_2608,DI,IED1
var2611,path_test_2609,DI,IED1
var2612,path_test_2610,DI,IED1
var2613,path_test_2611,DI,IED1
var2614,path_test_2612,DI,IED1
var2615,path_test_2613,DI,IED1
var2616,path_test_2614,DI,IED1
var2617,path_test_2615,DI,IED1
var2618,path_test_2616,DI,IED1
var2619,path_test_2617,DI,IED1
var2620,path_test_2618,DI,IED1
var2621,path_test_2619,DI,IED1
var2622,path_test_2620,DI,IED1
var2623,path_test_2621,DI,IED1
var2624,path_test_2622,DI,IED1
var2625,path_test_2623,DI,IED1
var2626,path_test_2624,DI,IED1
var2627,path_test_2625,DI,IED1
var2628,path_test_2626,DI,IED1
var2629,path_test_2627,DI,IED1
var2630,path_test_2628,DI,IED1
var2631,path_test_2629,DI,IED1
var2632,path_test_2630,DI,IED1
var2633,path_test_2631,DI,IED1
var2634,path_test_2632,DI,IED1
var2635,path_test_2633,DI,IED1
var2636,path_test_2634,DI,IED1
var2637,path_test_2635,DI,IED1
var2638,path_test_2636,DI,IED1
var2639,path_test_2637,DI,IED1
var2640,path_test_2638,DI,IED1
var2641,path_test_2639,DI,IED1
var2642,path_test_2640,DI,IED1
var2643,path_test_2641,DI,IED1
var2644,path_test_2642,DI,IED1
var2645,path_test_2643,DI,IED1
var2646,path_test_2644,DI,IED1
var2647,path_test_2645,DI,IED1
var2648,path_test_2646,DI,IED1
var2649,path_test_2647,DI,IED1
var2650,path_test_2648,DI,IED1
var2651,path_test_2649,DI,IED1
var2652,path_test_2650,DI,IED1
var2653,path_test_2651,DI,IED1
var2654,path_test_2652,DI,IED1
var2655,path_test_2653,DI,IED1
var2656,path_test_2654,DI,IED1
var2657,path_test_2655,DI,IED1
var2658,path_test_2656,DI,IED1
var2659,path_test_2657,DI,IED1
var2660,path_test_2658,DI,IED1
var2661,path_test_2659,DI,IED1
var2662,path_test_2660,DI,IED1
var2663,path_test_2661,DI,IED1
var2664,path_test_2662,DI,IED1
var2665,path_test_2663,DI,IED1
var2666,path_test_2664,DI,IED1
var2667,path_test_2665,DI,IED1
var2668,path_test_2666,DI,IED1
var2669,path_test_2667,DI,IED1
var2670,path_test_2668,DI,IED1
var2671,path_test_2669,DI,IED1
var2672,path_test_2670,DI,IED1
var2673,path_test_2671,DI,IED1
var2674,path_test_2672,DI,IED1
var2675,path_test_2673,DI,IED1
var2676,path_test_2674,DI,IED1
var2677,path_test_2675,DI,IED1
var2678,path_test_2676,DI,IED1
var2679,path_test_2677,DI,IED1
var2680,path_test_2678,DI,IED1
var2681,path_test_2679,DI,IED1
var2682,path_test_2680,DI,IED1
var2683,path_test_2681,DI,IED1
var2684,path_test_2682,DI,IED1
var2685,path_test_2683,DI,IED1
var2686,path_test_2684,DI,IED1
var2687,path_test_2685,DI,IED1
var2688,path_test_2686,DI,IED1
var2689,path_test_2687,DI,IED1
var2690,path_test_2688,DI,IED1
var2691,path_test_2689,DI,IED1
var2692,path_test_2690,DI,IED1
var2693,path_test_2691,DI,IED1
var2694,path_test_2692,DI,IED1
var2695,path_test_2693,DI,IED1
var2696,path_test_2694,DI,IED1
var2697,path_test_2695,DI,IED1
var2698,path_test_2696,DI,IED1
var2699,path_test_2697,DI,IED1
var2700,path_test_2698,DI,IED1
var2701,path_test_2699,DI,IED1
var2702,path_test_2700,DI,IED1
var2703,path_test_2701,DI,IED1
var2704,path_test_2702,DI,IED1
var2705,path_test_2703,DI,IED1
var2706,path_test_2704,DI,IED1
var2707,path_test_2705,DI,IED1
var2708,path_test_2706,DI,IED1
var2709,path_test_2707,DI,IED1
var2710,path_test_2708,DI,IED1
var2711,path_test_2709,DI,IED1
var2712,path_test_2710,DI,IED1
var2713,path_test_2711,DI,IED1
var2714,path_test_2712,DI,IED1
var2715,path_test_2713,DI,IED1
var2716,path_test_2714,DI,IED1
var2717,path_test_2715,DI,IED1
var2718,path_test_2716,DI,IED1
var2719,path_test_2717,DI,IED1
var2720,path_test_2718,DI,IED1
var2721,path_test_2719,DI,IED1
var2722,path_test_2720,DI,IED1
var2723,path_test_2721,DI,IED1
var2724,path_test_2722,DI,IED1
var2725,path_test_2723,DI,IED1
var2726,path_test_2724,DI,IED1
var2727,path_test_2725,DI,IED1
var2728,path_test_2726,DI,IED1
var2729,path_test_2727,DI,IED1
var2730,path_test_2728,DI,IED1
var2731,path_test_2729,DI,IED1
var2732,path_test_2730,DI,IED1
var2733,path_test_2731,DI,IED1
var2734,path_test_2732,DI,IED1
var2735,path_test_2733,DI,IED1
var2736,path_test_2734,DI,IED1
var2737,path_test_2735,DI,IED1
var2738,path_test_2736,DI,IED1
var2739,path_test_2737,DI,IED1
var2740,path_test_2738,DI,IED1
var2741,path_test_2739,DI,IED1
var2742,path_test_2740,DI,IED1
var2743,path_test_2741,DI,IED1
var2744,path_test_2742,DI,IED1
var2745,path_test_2743,DI,IED1
var2746,path_test_2744,DI,IED1
var2747,path_test_2745,DI,IED1
var2748,path_test_2746,DI,IED1
var2749,path_test_2747,DI,IED1
var2750,path_test_2748,DI,IED1
var2751,path_test_2749,DI,IED1
var2752,path_test_2750,DI,IED1
var2753,path_test_2751,DI,IED1
var2754,path_test_2752,DI,IED1
var2755,path_test_2753,DI,IED1
var2756,path_test_2754,DI,IED1
var2757,path_test_2755,DI,IED1
var2758,path_test_2756,DI,IED1
var2759,path_test_2757,DI,IED1
var2760,path_test_2758,DI,IED1
var2761,path_test_2759,DI,IED1
var2762,path_test_2760,DI,IED1
var2763,path_test_2761,DI,IED1
var2764,path_test_2762,DI,IED1
var2765,path_test_2763,DI,IED1
var2766,path_test_2764,DI,IED1
var2767,path_test_2765,DI,IED1
var2768,path_test_2766,DI,IED1
var2769,path_test_2767,DI,IED1
var2770,path_test_2768,DI,IED1
var2771,path_test_2769,DI,IED1
var2772,path_test_2770,DI,IED1
var2773,path_test_2771,DI,IED1
var2774,path_test_2772,DI,IED1
var2775,path_test_2773,DI,IED1
var2776,path_test_2774,DI,IED1
var2777,path_test_2775,DI,IED1
var2778,path_test_2776,DI,IED1
var2779,path_test_2777,DI,IED1
var2780,path_test_2778,DI,IED1
var2781,path_test_2779,DI,IED1
var2782,path_test_2780,DI,IED1
var2783,path_test_2781,DI,IED1
var2784,path_test_2782,DI,IED1
var2785,path_test_2783,DI,IED1
var2786,path_test_2784,DI,IED1
var2787,path_test_2785,DI,IED1
var2788,path_test_2786,DI,IED1
var2789,path_test_2787,DI,IED1
var2790,path_test_2788,DI,IED1
var2791,path_test_2789,DI,IED1
var2792,path_test_2790,DI,IED1
var2793,path_test_2791,DI,IED1
var2794,path_test_2792,DI,IED1
var2795,path_test_2793,DI,IED1
var2796,path_test_2794,DI,IED1
var2797,path_test_2795,DI,IED1
var2798,path_test_2796,DI,IED1
var2799,path_test_2797,DI,IED1
var2800,path_test_2798,DI,IED1
var2801,path_test_2799,DI,IED1
var2802,path_test_2800,DI,IED1
var2803,path_test_2801,DI,IED1
var2804,path_test_2802,DI,IED1
var2805,path_test_2803,DI,IED1
var2806,path_test_2804,DI,IED1
var2807,path_test_2805,DI,IED1
var2808,path_test_2806,DI,IED1
var2809,path_test_2807,DI,IED1
var2810,path_test_2808,DI,IED1
var2811,path_test_2809,DI,IED1
var2812,path_test_2810,DI,IED1
var2813,path_test_2811,DI,IED1
var2814,path_test_2812,DI,IED1
var2815,path_test_2813,DI,IED1
var2816,path_test_2814,DI,IED1
var2817,path_test_2815,DI,IED1
var2818,path_test_2816,DI,IED1
var2819,path_test_2817,DI,IED1
var2820,path_test_2818,DI,IED1
var2821,path_test_2819,DI,IED1
var2822,path_test_2820,DI,IED1
var2823,path_test_2821,DI,IED1
var2824,path_test_2822,DI,IED1
var2825,path_test_2823,DI,IED1
var2826,path_test_2824,DI,IED1
var2827,path_test_2825,DI,IED1
var2828,path_test_2826,DI,IED1
var2829,path_test_2827,DI,IED1
var2830,path_test_2828,DI,IED1
var2831,path_test_2829,DI,IED1
var2832,path_test_2830,DI,IED1
var2833,path_test_2831,DI,IED1
var2834,path_test_2832,DI,IED1
var2835,path_test_2833,DI,IED1
var2836,path_test_2834,DI,IED1
var2837,path_test_2835,DI,IED1
var2838,path_test_2836,DI,IED1
var2839,path_test_2837,DI,IED1
var2840,path_test_2838,DI,IED1
var2841,path_test_2839,DI,IED1
var2842,path_test_2840,DI,IED1
var2843,path_test_2841,DI,IED1
var2844,path_test_2842,DI,IED1
var2845,path_test_2843,DI,IED1
var2846,path_test_2844,DI,IED1
var2847,path_test_2845,DI,IED1
var2848,path_test_2846,DI,IED1
var2849,path_test_2847,DI,IED1
var2850,path_test_2848,DI,IED1
var2851,path_test_2849,DI,IED1
var2852,path_test_2850,DI,IED1
var2853,path_test_2851,DI,IED1
var2854,path_test_2852,DI,IED1
var2855,path_test_2853,DI,IED1
var2856,path_test_2854,DI,IED1
var2857,path_test_2855,DI,IED1
var2858,path_test_2856,DI,IED1
var2859,path_test_2857,DI,IED1
var2860,path_test_2858,DI,IED1
var2861,path_test_2859,DI,IED1
var2862,path_test_2860,DI,IED1
var2863,path_test_2861,DI,IED1
var2864,path_test_2862,DI,IED1
var2865,path_test_2863,DI,IED1
var2866,path_test_2864,DI,IED1
var2867,path_test_2865,DI,IED1
var2868,path_test_2866,DI,IED1
var2869,path_test_2867,DI,IED1
var2870,path_test_2868,DI,IED1
var2871,path_test_2869,DI,IED1
var2872,path_test_2870,DI,IED1
var2873,path_test_2871,DI,IED1
var2874,path_test_2872,DI,IED1
var2875,path_test_2873,DI,IED1
var2876,path_test_2874,DI,IED1
var2877,path_test_2875,DI,IED1
var2878,path_test_2876,DI,IED1
var2879,path_test_2877,DI,IED1
var2880,path_test_2878,DI,IED1
var2881,path_test_2879,DI,IED1
var2882,path_test_2880,DI,IED1
var2883,path_test_2881,DI,IED1
var2884,path_test_2882,DI,IED1
var2885,path_test_2883,DI,IED1
var2886,path_test_2884,DI,IED1
var2887,path_test_2885,DI,IED1
var2888,path_test_2886,DI,IED1
var2889,path_test_2887,DI,IED1
var2890,path_test_2888,DI,IED1
var2891,path_test_2889,DI,IED1
var2892,path_test_2890,DI,IED1
var2893,path_test_2891,DI,IED1
var2894,path_test_2892,DI,IED1
var2895,path_test_2893,DI,IED1
var2896,path_test_2894,DI,IED1
var2897,path_test_2895,DI,IED1
var2898,path_test_2896,DI,IED1
var2899,path_test_2897,DI,IED1
var2900,path_test_2898,DI,IED1
var2901,path_test_2899,DI,IED1
var2902,path_test_2900,DI,IED1
var2903,path_test_2901,DI,IED1
var2904,path_test_2902,DI,IED1
var2905,path_test_2903,DI,IED1
var2906,path_test_2904,DI,IED1
var2907,path_test_2905,DI,IED1
var2908,path_test_2906,DI,IED1
var2909,path_test_2907,DI,IED1
var2910,path_test_2908,DI,IED1
var2911,path_test_2909,DI,IED1
var2912,path_test_2910,DI,IED1
var2913,path_test_2911,DI,IED1
var2914,path_test_2912,DI,IED1
var2915,path_test_2913,DI,IED1
var2916,path_test_2914,DI,IED1
var2917,path_test_2915,DI,IED1
var2918,path_test_2916,DI,IED1
var2919,path_test_2917,DI,IED1
var2920,path_test_2918,DI,IED1
var2921,path_test_2919,DI,IED1
var2922,path_test_2920,DI,IED1
var2923,path_test_2921,DI,IED1
var2924,path_test_2922,DI,IED1
var2925,path_test_2923,DI,IED1
var2926,path_test_2924,DI,IED1
var2927,path_test_2925,DI,IED1
var2928,path_test_2926,DI,IED1
var2929,path_test_2927,DI,IED1
var2930,path_test_2928,DI,IED1
var2931,path_test_2929,DI,IED1
var2932,path_test_2930,DI,IED1
var2933,path_test_2931,DI,IED1
var2934,path_test_2932,DI,IED1
var2935,path_test_2933,DI,IED1
var2936,path_test_2934,DI,IED1
var2937,path_test_2935,DI,IED1
var2938,path_test_2936,DI,IED1
var2939,path_test_2937,DI,IED1
var2940,path_test_2938,DI,IED1
var2941,path_test_2939,DI,IED1
var2942,path_test_2940,DI,IED1
var2943,path_test_2941,DI,IED1
var2944,path_test_2942,DI,IED1
var2945,path_test_2943,DI,IED1
var2946,path_test_2944,DI,IED1
var2947,path_test_2945,DI,IED1
var2948,path_test_2946,DI,IED1
var2949,path_test_2947,DI,IED1
var2950,path_test_2948,DI,IED1
var2951,path_test_2949,DI,IED1
var2952,path_test_2950,DI,IED1
var2953,path_test_2951,DI,IED1
var2954,path_test_2952,DI,IED1
var2955,path_test_2953,DI,IED1
var2956,path_test_2954,DI,IED1
var2957,path_test_2955,DI,IED1
var2958,path_test_2956,DI,IED1
var2959,path_test_2957,DI,IED1
var2960,path_test_2958,DI,IED1
var2961,path_test_2959,DI,IED1
var2962,path_test_2960,DI,IED1
var2963,path_test_2961,DI,IED1
var2964,path_test_2962,DI,IED1
var2965,path_test_2963,DI,IED1
var2966,path_test_2964,DI,IED1
var2967,path_test_2965,DI,IED1
var2968,path_test_2966,DI,IED1
var2969,path_test_2967,DI,IED1
var2970,path_test_2968,DI,IED1
var2971,path_test_2969,DI,IED1
var2972,path_test_2970,DI,IED1
var2973,path_test_2971,DI,IED1
var2974,path_test_2972,DI,IED1
var2975,path_test_2973,DI,IED1
var2976,path_test_2974,DI,IED1
var2977,path_test_2975,DI,IED1
var2978,path_test_2976,DI,IED1
var2979,path_test_2977,DI,IED1
var2980,path_test_2978,DI,IED1
var2981,path_test_2979,DI,IED1
var2982,path_test_2980,DI,IED1
var2983,path_test_2981,DI,IED1
var2984,path_test_2982,DI,IED1
var2985,path_test_2983,DI,IED1
var2986,path_test_2984,DI,IED1
var2987,path_test_2985,DI,IED1
var2988,path_test_2986,DI,IED1
var2989,path_test_2987,DI,IED1
var2990,path_test_2988,DI,IED1
var2991,path_test_2989,DI,IED1
var2992,path_test_2990,DI,IED1
var2993,path_test_2991,DI,IED1
var2994,path_test_2992,DI,IED1
var2995,path_test_2993,DI,IED1
var2996,path_test_2994,DI,IED1
var2997,path_test_2995,DI,IED1
var2998,path_test_2996,DI,IED1
var2999,path_test_2997,DI,IED1
var3000,path_test_2998,DI,IED1
var3001,path_test_2999,DI,IED1
var3002,path_test_3000,DI,IED1
